LOCATIONID,LOCATIONNAME,LATITUDE,LONGITUDE,TIME,DAY1,DAY2,DAY3
ForecastTime1,ForecastTime1,,,00-03UT,2.33,2.67,5.33
ForecastTime2,ForecastTime2,,,03-06UT,2.67,2.67,5.67
ForecastTime3,ForecastTime3,,,06-09UT,3.33,3.33,5.33
ForecastTime4,ForecastTime4,,,09-12UT,3.33,3.33,4.33
ForecastTime5,ForecastTime5,,,12-15UT,3.33,3.67,3.67
ForecastTime6,ForecastTime6,,,15-18UT,3.67,4.00,3.67
ForecastTime7,ForecastTime7,,,18-21UT,4.00,4.67,3.67
ForecastTime8,ForecastTime8,,,21-00UT,4.67,4.67,3.67
Date,Date,,,,Oct 10,Oct 11,Oct 12
MaxValue,MaxValue,,,,3,5,6
