1948-09-06,105.0/61.0,1
1948-09-07,104.0/60.0,1
1948-09-08,103.0/64.0,5
1948-09-09,106.0/62.0,2
1948-09-10,106.0/61.0,1
1948-09-11,107.0/62.0,1
1948-09-12,108.0/66.0,2
1948-09-13,109.0/62.0,1
1948-09-15,103.0/68.0,18
1948-09-16,90.0/72.0,3
1948-09-17,92.0/70.0,21
1948-09-18,92.0/64.0,28
1948-09-19,90.0/56.0,18
1948-09-20,94.0/57.0,6
1948-09-21,96.0/54.0,1
1948-09-22,92.0/61.0,19
1948-09-23,93.0/56.0,7
1948-09-24,84.0/63.0,16
1948-09-25,72.0/50.0,22
1948-09-26,81.0/45.0,6
1948-09-27,90.0/43.0,1
1948-09-28,94.0/52.0,2
1948-09-29,95.0/52.0,2
1948-09-30,94.0/63.0,31
1948-10-01,95.0/58.0,5
1948-10-02,97.0/56.0,4
1948-10-03,96.0/59.0,4
1948-10-04,90.0/66.0,28
1948-10-06,83.0/61.0,19
1948-10-07,88.0/49.0,3
1948-10-08,93.0/52.0,1
1948-10-09,94.0/50.0,1
1948-10-10,92.0/48.0,1
1948-10-12,87.0/51.0,10
1948-10-13,89.0/60.0,30
1948-10-14,82.0/56.0,30
1948-10-15,83.0/52.0,13
1948-10-16,86.0/49.0,6
1948-10-17,83.0/58.0,25
1948-10-18,75.0/48.0,25
1948-10-19,78.0/41.0,5
1948-10-20,85.0/46.0,3
1948-10-21,89.0/43.0,1
1948-10-22,88.0/44.0,1
1948-10-23,86.0/47.0,2
1948-10-24,86.0/45.0,5
1948-10-26,82.0/47.0,11
1948-10-27,80.0/42.0,4
1948-10-28,69.0/44.0,30
1948-10-29,70.0/38.0,24
1948-10-30,60.0/47.0,20
1948-10-31,75.0/39.0,10
1948-11-01,75.0/40.0,10
1948-11-02,77.0/48.0,22
1948-11-03,78.0/49.0,23
1948-11-04,64.0/46.0,19
1948-11-05,66.0/32.0,5
1948-11-06,71.0/30.0,1
1948-11-08,58.0/39.0,28
1948-11-09,64.0/27.0,3
1948-11-11,65.0/40.0,30
1948-11-12,67.0/33.0,6
1948-11-13,74.0/32.0,1
1948-11-14,75.0/33.0,1
1948-11-15,71.0/33.0,2
1948-11-16,68.0/32.0,5
1948-11-17,68.0/34.0,12
1948-11-18,57.0/37.0,24
1948-11-19,61.0/28.0,4
1948-11-20,62.0/25.0,1
1948-11-21,61.0/39.0,33
1948-11-22,63.0/36.0,24
1948-11-24,64.0/31.0,7
1948-11-25,66.0/36.0,21
1948-11-26,61.0/26.0,4
1948-11-27,54.0/31.0,13
1948-11-28,57.0/22.0,1
1948-11-29,65.0/21.0,1
1948-11-30,63.0/22.0,1
1948-12-01,59.0/32.0,23
1948-12-02,59.0/24.0,1
1948-12-03,66.0/23.0,1
1948-12-04,50.0/24.0,3
1948-12-05,51.0/18.0,1
1948-12-06,59.0/25.0,4
1948-12-07,54.0/21.0,2
1948-12-08,61.0/24.0,2
1948-12-09,63.0/25.0,1
1948-12-10,65.0/29.0,1
1948-12-11,63.0/29.0,2
1948-12-12,56.0/30.0,21
1948-12-13,70.0/40.0,29
1948-12-19,54.0/25.0,4
1948-12-20,54.0/24.0,2
1948-12-21,48.0/26.0,6
1948-12-22,46.0/34.0,5
1948-12-23,44.0/25.0,4
1948-12-24,44.0/18.0,1
1948-12-25,44.0/17.0,2
1948-12-26,56.0/34.0,27
1948-12-27,50.0/33.0,15
1948-12-28,53.0/31.0,14
1948-12-29,50.0/26.0,12
1948-12-30,51.0/32.0,16
1948-12-31,49.0/30.0,17
1949-01-01,48.0/25.0,6
1949-01-02,40.0/26.0,2
1949-01-03,33.0/22.0,1
1949-01-04,35.0/19.0,1
1949-01-05,42.0/16.0,1
1949-01-06,50.0/20.0,1
1949-01-07,50.0/22.0,6
1949-01-08,49.0/21.0,6
1949-01-09,44.0/26.0,3
1949-01-10,35.0/20.0,2
1949-01-11,36.0/24.0,1
1949-01-12,39.0/30.0,1
1949-01-13,42.0/30.0,3
1949-01-14,42.0/24.0,3
1949-01-15,40.0/20.0,3
1949-01-16,38.0/29.0,1
1949-01-17,36.0/20.0,1
1949-01-19,35.0/25.0,1
1949-01-20,40.0/32.0,2
1949-01-21,46.0/32.0,5
1949-01-22,52.0/36.0,9
1949-01-23,43.0/28.0,5
1949-01-24,41.0/26.0,3
1949-01-25,35.0/26.0,1
1949-01-26,39.0/20.0,2
1949-01-27,39.0/17.0,1
1949-01-28,42.0/20.0,4
1949-01-29,41.0/21.0,3
1949-01-30,39.0/18.0,1
1949-01-31,41.0/19.0,1
1949-02-02,42.0/26.0,1
1949-02-03,47.0/25.0,5
1949-02-04,43.0/23.0,4
1949-02-05,46.0/28.0,4
1949-02-06,43.0/22.0,1
1949-02-07,54.0/36.0,16
1949-02-08,45.0/25.0,2
1949-02-10,49.0/23.0,8
1949-02-11,63.0/30.0,5
1949-02-12,46.0/26.0,3
1949-02-14,46.0/18.0,3
1949-02-16,57.0/24.0,4
1949-02-17,63.0/27.0,1
1949-02-18,64.0/30.0,7
1949-02-22,69.0/34.0,4
1949-02-23,72.0/34.0,3
1949-02-24,71.0/42.0,27
1949-02-25,64.0/38.0,33
1949-02-26,63.0/35.0,21
1949-02-27,52.0/40.0,19
1949-02-28,54.0/35.0,26
1949-03-01,58.0/34.0,29
1949-03-02,61.0/37.0,33
1949-03-03,68.0/37.0,17
1949-03-04,69.0/42.0,28
1949-03-05,64.0/42.0,41
1949-03-06,64.0/35.0,20
1949-03-07,63.0/42.0,36
1949-03-08,63.0/40.0,28
1949-03-10,70.0/42.0,16
1949-03-11,65.0/47.0,29
1949-03-12,67.0/35.0,11
1949-03-13,69.0/37.0,16
1949-03-14,71.0/38.0,15
1949-03-15,74.0/46.0,25
1949-03-16,73.0/52.0,17
1949-03-17,75.0/41.0,15
1949-03-18,76.0/43.0,17
1949-03-19,80.0/43.0,2
1949-03-20,68.0/49.0,24
1949-03-21,71.0/41.0,17
1949-03-22,68.0/48.0,30
1949-03-23,56.0/40.0,20
1949-03-24,60.0/36.0,29
1949-03-25,64.0/37.0,29
1949-03-26,69.0/45.0,26
1949-03-27,79.0/44.0,8
1949-03-28,59.0/43.0,22
1949-03-29,60.0/39.0,36
1949-03-30,67.0/34.0,8
1949-03-31,48.0/35.0,7
1949-04-01,60.0/38.0,44
1949-04-02,64.0/39.0,36
1949-04-03,70.0/41.0,21
1949-04-04,75.0/43.0,11
1949-04-05,82.0/43.0,4
1949-04-06,80.0/55.0,25
1949-04-07,74.0/51.0,32
1949-04-08,75.0/45.0,29
1949-04-09,78.0/51.0,27
1949-04-11,84.0/46.0,4
1949-04-12,87.0/47.0,1
1949-04-13,82.0/57.0,25
1949-04-14,83.0/46.0,3
1949-04-15,81.0/52.0,21
1949-04-16,87.0/55.0,15
1949-04-17,77.0/52.0,27
1949-04-18,82.0/49.0,11
1949-04-19,81.0/51.0,16
1949-04-20,85.0/48.0,8
1949-04-21,88.0/61.0,26
1949-04-22,96.0/57.0,5
1949-04-23,98.0/56.0,2
1949-04-24,97.0/71.0,30
1949-04-25,88.0/63.0,21
1949-04-26,91.0/55.0,13
1949-04-27,92.0/60.0,22
1949-04-28,92.0/56.0,9
1949-04-29,84.0/61.0,26
1949-05-01,90.0/50.0,2
1949-05-02,90.0/61.0,13
1949-05-03,83.0/62.0,15
1949-05-04,82.0/52.0,21
1949-05-06,80.0/57.0,25
1949-05-07,85.0/50.0,14
1949-05-08,91.0/59.0,23
1949-05-09,78.0/55.0,25
1949-05-10,80.0/50.0,21
1949-05-11,81.0/58.0,20
1949-05-12,89.0/55.0,7
1949-05-13,93.0/60.0,17
1949-05-14,79.0/59.0,21
1949-05-15,75.0/55.0,25
1949-05-16,75.0/56.0,17
1949-05-17,74.0/58.0,17
1949-05-18,72.0/55.0,10
1949-05-20,78.0/46.0,22
1949-05-21,84.0/52.0,15
1949-05-22,89.0/56.0,11
1949-05-23,97.0/59.0,7
1949-05-24,100.0/61.0,4
1949-05-25,101.0/60.0,2
1949-05-26,99.0/69.0,17
1949-05-27,100.0/64.0,8
1949-05-28,87.0/67.0,13
1949-05-29,82.0/60.0,18
1949-05-30,81.0/60.0,27
1949-05-31,84.0/56.0,17
1949-06-01,86.0/56.0,15
1949-06-02,88.0/54.0,10
1949-06-03,69.0/58.0,2
1949-06-04,83.0/60.0,29
1949-06-05,80.0/60.0,23
1949-06-06,86.0/58.0,14
1949-06-07,94.0/61.0,21
1949-06-08,100.0/71.0,35
1949-06-09,101.0/67.0,13
1949-06-10,104.0/71.0,20
1949-06-11,106.0/74.0,18
1949-06-12,103.0/77.0,35
1949-06-13,107.0/72.0,18
1949-06-14,104.0/74.0,24
1949-06-15,109.0/74.0,12
1949-06-16,107.0/83.0,29
1949-06-17,103.0/76.0,46
1949-06-18,95.0/74.0,35
1949-06-19,94.0/68.0,15
1949-06-20,97.0/68.0,24
1949-06-21,102.0/67.0,20
1949-06-22,104.0/75.0,45
1949-06-23,102.0/81.0,26
1949-06-24,101.0/71.0,26
1949-06-25,106.0/68.0,5
1949-06-26,101.0/77.0,40
1949-06-27,98.0/72.0,52
1949-06-28,98.0/69.0,21
1949-06-30,101.0/66.0,10
1949-07-01,103.0/71.0,23
1949-07-02,100.0/74.0,40
1949-07-03,98.0/79.0,14
1949-07-04,89.0/66.0,16
1949-07-06,102.0/73.0,36
1949-07-08,103.0/67.0,10
1949-07-09,107.0/74.0,19
1949-07-10,106.0/76.0,32
1949-07-11,105.0/81.0,30
1949-07-12,103.0/74.0,40
1949-07-13,106.0/75.0,29
1949-07-14,110.0/77.0,16
1949-07-15,114.0/77.0,1
1949-07-16,113.0/83.0,3
1949-07-17,112.0/82.0,8
1949-07-18,108.0/87.0,13
1949-07-19,106.0/83.0,32
1949-07-20,104.0/81.0,35
1949-07-21,102.0/78.0,37
1949-07-23,102.0/75.0,52
1949-07-24,98.0/74.0,28
1949-07-25,101.0/72.0,36
1949-07-27,103.0/69.0,26
1949-07-28,104.0/73.0,26
1949-07-29,105.0/70.0,17
1949-07-30,105.0/72.0,27
1949-07-31,104.0/77.0,44
1949-08-01,106.0/72.0,23
1949-08-03,108.0/78.0,21
1949-08-04,109.0/78.0,22
1949-08-05,109.0/75.0,11
1949-08-06,107.0/81.0,48
1949-08-07,99.0/79.0,24
1949-08-08,99.0/71.0,26
1949-08-09,96.0/70.0,25
1949-08-10,95.0/62.0,22
1949-08-12,96.0/60.0,13
1949-08-13,99.0/60.0,4
1949-08-14,97.0/64.0,23
1949-08-15,97.0/61.0,12
1949-08-17,98.0/59.0,9
1949-08-18,102.0/62.0,3
1949-08-19,104.0/65.0,4
1949-08-20,106.0/63.0,1
1949-08-21,107.0/66.0,5
1949-08-22,97.0/69.0,27
1949-08-23,89.0/68.0,19
1949-08-24,100.0/67.0,32
1949-08-25,101.0/73.0,36
1949-08-26,101.0/70.0,34
1949-08-27,102.0/66.0,15
1949-08-29,107.0/71.0,11
1949-08-30,108.0/71.0,7
1949-08-31,106.0/66.0,5
1949-09-02,106.0/79.0,37
1949-09-03,105.0/68.0,8
1949-09-05,101.0/74.0,53
1949-09-08,98.0/71.0,44
1949-09-10,94.0/74.0,21
1949-09-11,93.0/70.0,27
1949-09-13,93.0/65.0,26
1949-09-14,94.0/56.0,5
1949-09-15,97.0/58.0,6
1949-09-17,97.0/63.0,23
1949-09-18,98.0/63.0,12
1949-09-19,101.0/61.0,4
1949-09-22,104.0/67.0,11
1949-09-24,101.0/69.0,33
1949-09-25,99.0/68.0,26
1949-09-26,88.0/64.0,20
1949-09-27,95.0/60.0,18
1949-09-29,90.0/54.0,8
1949-09-30,89.0/58.0,19
1949-10-02,95.0/61.0,16
1949-10-03,94.0/60.0,14
1949-10-06,86.0/60.0,27
1949-10-07,73.0/57.0,10
1949-10-09,68.0/41.0,17
1949-10-10,74.0/43.0,18
1949-10-11,79.0/46.0,9
1949-10-12,88.0/52.0,8
1949-10-15,83.0/55.0,29
1949-10-17,83.0/54.0,24
1949-10-18,65.0/41.0,49
1949-10-19,57.0/39.0,28
1949-10-20,58.0/38.0,32
1949-10-21,63.0/32.0,13
1949-10-22,67.0/39.0,24
1949-10-23,74.0/37.0,4
1949-10-24,74.0/41.0,10
1949-10-25,75.0/42.0,12
1949-10-28,80.0/46.0,13
1949-10-29,81.0/46.0,7
1949-10-30,76.0/50.0,17
1949-10-31,75.0/44.0,21
1949-11-01,82.0/44.0,9
1949-11-03,81.0/47.0,21
1949-11-04,83.0/45.0,3
1949-11-06,80.0/44.0,11
1949-11-08,70.0/48.0,24
1949-11-09,65.0/54.0,8
1949-11-10,62.0/40.0,39
1949-11-11,62.0/36.0,35
1949-11-14,76.0/40.0,5
1949-11-15,78.0/39.0,4
1949-11-16,78.0/43.0,9
1949-11-18,79.0/43.0,8
1949-11-20,76.0/41.0,11
1949-11-21,77.0/42.0,7
1949-11-22,76.0/42.0,8
1949-11-23,74.0/38.0,7
1949-11-24,81.0/44.0,4
1949-11-25,76.0/45.0,18
1949-11-27,72.0/41.0,10
1949-11-28,72.0/39.0,9
1949-11-29,73.0/42.0,14
1949-12-01,72.0/44.0,19
1949-12-02,71.0/36.0,6
1949-12-03,72.0/36.0,5
1949-12-04,69.0/35.0,12
1949-12-06,65.0/38.0,30
1949-12-07,59.0/37.0,36
1949-12-08,60.0/46.0,15
1949-12-10,54.0/28.0,9
1949-12-11,41.0/22.0,2
1949-12-12,43.0/15.0,1
1949-12-13,51.0/19.0,2
1949-12-14,51.0/23.0,6
1949-12-15,47.0/31.0,9
1949-12-16,47.0/28.0,7
1949-12-18,54.0/44.0,10
1949-12-19,56.0/36.0,34
1949-12-21,48.0/24.0,4
1949-12-22,51.0/22.0,2
1949-12-23,50.0/25.0,10
1949-12-24,59.0/27.0,3
1949-12-26,51.0/21.0,4
1949-12-27,56.0/23.0,2
1949-12-28,60.0/26.0,2
1949-12-29,58.0/30.0,18
1949-12-30,60.0/29.0,11
1949-12-31,61.0/31.0,15
1950-01-02,55.0/36.0,23
1950-01-03,37.0/19.0,1
1950-01-04,36.0/14.0,1
1950-01-05,43.0/12.0,1
1950-01-06,45.0/12.0,1
1950-01-07,49.0/16.0,1
1950-01-08,59.0/28.0,6
1950-01-09,51.0/28.0,17
1950-01-10,48.0/22.0,2
1950-01-11,54.0/30.0,15
1950-01-12,51.0/29.0,13
1950-01-13,52.0/23.0,2
1950-01-14,54.0/38.0,23
1950-01-15,49.0/24.0,6
1950-01-17,58.0/31.0,23
1950-01-18,62.0/37.0,39
1950-01-20,67.0/37.0,26
1950-01-22,67.0/41.0,20
1950-01-24,59.0/38.0,29
1950-01-25,49.0/25.0,11
1950-01-26,50.0/18.0,1
1950-01-27,51.0/16.0,1
1950-01-29,58.0/29.0,12
1950-01-30,56.0/29.0,4
1950-01-31,54.0/26.0,7
1950-02-01,54.0/19.0,1
1950-02-04,57.0/36.0,29
1950-02-06,71.0/55.0,9
1950-02-07,66.0/41.0,27
1950-02-08,60.0/30.0,15
1950-02-09,62.0/28.0,4
1950-02-11,59.0/44.0,19
1950-02-12,58.0/36.0,28
1950-02-15,68.0/36.0,19
1950-02-16,69.0/36.0,6
1950-02-17,75.0/37.0,6
1950-02-18,74.0/40.0,12
1950-02-19,73.0/40.0,12
1950-02-21,67.0/44.0,38
1950-02-27,73.0/49.0,19
1950-03-01,62.0/48.0,24
1950-03-04,78.0/44.0,6
1950-03-06,64.0/45.0,20
1950-03-07,61.0/38.0,30
1950-03-08,73.0/36.0,2
1950-03-09,73.0/46.0,34
1950-03-10,70.0/44.0,26
1950-03-12,55.0/33.0,23
1950-03-13,58.0/25.0,3
1950-03-14,68.0/29.0,1
1950-03-15,68.0/35.0,8
1950-03-16,73.0/35.0,2
1950-03-17,77.0/40.0,7
1950-03-18,72.0/47.0,31
1950-03-19,80.0/45.0,11
1950-03-20,71.0/48.0,22
1950-03-21,76.0/38.0,2
1950-03-24,75.0/49.0,26
1950-03-25,61.0/46.0,24
1950-03-26,65.0/45.0,38
1950-03-29,74.0/42.0,20
1950-03-31,86.0/46.0,2
1950-04-01,89.0/54.0,7
1950-04-03,87.0/58.0,22
1950-04-04,77.0/50.0,31
1950-04-06,80.0/63.0,8
1950-04-07,81.0/56.0,15
1950-04-09,64.0/44.0,34
1950-04-14,69.0/48.0,35
1950-04-17,90.0/51.0,5
1950-04-18,88.0/57.0,22
1950-04-19,87.0/50.0,11
1950-04-20,94.0/51.0,1
1950-04-21,98.0/54.0,1
1950-04-24,76.0/56.0,20
1950-04-25,85.0/42.0,1
1950-04-26,91.0/53.0,4
1950-04-28,77.0/56.0,20
1950-04-30,84.0/44.0,2
1950-05-02,76.0/54.0,19
1950-05-03,67.0/46.0,34
1950-05-04,70.0/43.0,19
1950-05-06,78.0/48.0,14
1950-05-07,69.0/51.0,23
1950-05-08,74.0/49.0,21
1950-05-09,75.0/52.0,18
1950-05-10,79.0/49.0,19
1950-05-11,85.0/51.0,14
1950-05-12,88.0/59.0,26
1950-05-13,90.0/55.0,14
1950-05-14,92.0/63.0,26
1950-05-16,95.0/63.0,28
1950-05-17,87.0/59.0,17
1950-05-19,90.0/64.0,21
1950-05-21,97.0/60.0,9
1950-05-22,98.0/66.0,27
1950-05-25,91.0/62.0,25
1950-05-27,99.0/58.0,2
1950-05-30,102.0/63.0,9
1950-06-01,102.0/68.0,15
1950-06-03,90.0/67.0,33
1950-06-05,102.0/60.0,3
1950-06-06,94.0/59.0,9
1950-06-09,91.0/50.0,2
1950-06-10,96.0/63.0,22
1950-06-11,90.0/69.0,20
1950-06-12,91.0/63.0,22
1950-06-13,93.0/61.0,20
1950-06-17,96.0/66.0,22
1950-06-18,98.0/62.0,5
1950-06-19,103.0/65.0,8
1950-06-21,103.0/75.0,44
1950-06-24,91.0/68.0,26
1950-06-27,107.0/65.0,2
1950-06-28,108.0/67.0,2
1950-06-29,112.0/71.0,2
1950-06-30,114.0/79.0,1
1950-07-01,115.0/81.0,4
1950-07-02,115.0/77.0,1
1950-07-03,111.0/76.0,7
1950-07-06,84.0/66.0,12
1950-07-07,92.0/69.0,26
1950-07-08,93.0/71.0,27
1950-07-09,95.0/75.0,20
1950-07-10,98.0/76.0,28
1950-07-13,111.0/77.0,7
1950-07-14,111.0/82.0,20
1950-07-15,110.0/84.0,22
1950-07-16,108.0/82.0,26
1950-07-18,103.0/79.0,55
1950-07-20,105.0/75.0,27
1950-07-21,107.0/76.0,24
1950-07-22,105.0/74.0,21
1950-07-23,102.0/70.0,27
1950-07-24,100.0/73.0,41
1950-07-27,103.0/73.0,29
1950-07-28,100.0/79.0,27
1950-07-29,99.0/76.0,33
1950-07-30,100.0/69.0,22
1950-07-31,94.0/73.0,24
1950-08-01,97.0/73.0,32
1950-08-02,102.0/72.0,31
1950-08-03,104.0/69.0,16
1950-08-04,98.0/75.0,35
1950-08-06,99.0/64.0,19
1950-08-07,100.0/63.0,7
1950-08-08,98.0/70.0,27
1950-08-10,100.0/72.0,42
1950-08-12,93.0/63.0,19
1950-08-13,97.0/66.0,26
1950-08-14,101.0/65.0,7
1950-08-16,105.0/67.0,5
1950-08-17,108.0/72.0,10
1950-08-18,110.0/71.0,6
1950-08-19,110.0/72.0,2
1950-08-20,110.0/76.0,14
1950-08-21,108.0/77.0,15
1950-08-23,105.0/78.0,47
1950-08-25,103.0/70.0,19
1950-08-26,105.0/71.0,17
1950-08-28,108.0/76.0,27
1950-08-29,108.0/75.0,17
1950-08-30,111.0/74.0,2
1950-09-01,113.0/79.0,6
1950-09-02,110.0/78.0,17
1950-09-04,106.0/77.0,33
1950-09-05,101.0/79.0,41
1950-09-06,91.0/73.0,14
1950-09-07,79.0/64.0,8
1950-09-08,89.0/65.0,19
1950-09-10,91.0/61.0,18
1950-09-11,92.0/62.0,25
1950-09-15,92.0/58.0,17
1950-09-17,85.0/62.0,22
1950-09-18,85.0/58.0,26
1950-09-20,86.0/54.0,20
1950-09-29,91.0/67.0,27
1950-10-01,76.0/51.0,24
1950-10-03,85.0/44.0,2
1950-10-04,89.0/47.0,1
1950-10-05,95.0/55.0,4
1950-10-06,89.0/61.0,23
1950-10-11,93.0/57.0,16
1950-10-13,95.0/59.0,12
1950-10-15,91.0/70.0,20
1950-10-16,92.0/66.0,32
1950-10-17,89.0/64.0,32
1950-10-18,87.0/53.0,12
1950-10-19,88.0/50.0,8
1950-10-20,88.0/51.0,10
1950-10-21,86.0/51.0,8
1950-10-22,84.0/50.0,19
1950-10-23,79.0/53.0,31
1950-10-24,85.0/55.0,21
1950-10-25,78.0/61.0,11
1950-10-28,87.0/52.0,6
1950-10-29,90.0/53.0,6
1950-10-31,79.0/57.0,22
1950-11-01,81.0/50.0,14
1950-11-03,76.0/57.0,30
1950-11-04,78.0/47.0,16
1950-11-05,77.0/46.0,20
1950-11-08,83.0/48.0,6
1950-11-09,61.0/43.0,28
1950-11-10,52.0/30.0,18
1950-11-11,58.0/24.0,1
1950-11-12,60.0/24.0,1
1950-11-14,61.0/47.0,18
1950-11-15,59.0/36.0,23
1950-11-17,63.0/38.0,24
1950-11-18,68.0/40.0,20
1950-11-19,77.0/55.0,22
1950-11-20,74.0/48.0,26
1950-11-21,76.0/49.0,24
1950-11-22,76.0/44.0,16
1950-11-26,75.0/38.0,6
1950-11-27,73.0/38.0,4
1950-11-28,72.0/37.0,5
1950-12-01,70.0/49.0,26
1950-12-02,58.0/33.0,24
1950-12-03,55.0/43.0,17
1950-12-04,66.0/39.0,25
1950-12-05,63.0/41.0,44
1950-12-06,59.0/33.0,29
1950-12-07,61.0/36.0,36
1950-12-09,71.0/34.0,1
1950-12-10,74.0/39.0,10
1950-12-14,71.0/43.0,21
1950-12-15,68.0/44.0,30
1950-12-17,69.0/38.0,16
1950-12-19,66.0/37.0,27
1950-12-27,61.0/32.0,23
1950-12-29,65.0/36.0,20
1950-12-30,65.0/35.0,17
1950-12-31,53.0/38.0,18
1951-01-01,49.0/37.0,11
1951-01-02,48.0/28.0,8
1951-01-04,55.0/35.0,26
1951-01-06,53.0/27.0,11
1951-01-07,56.0/22.0,1
1951-01-08,53.0/25.0,5
1951-01-09,58.0/28.0,12
1951-01-10,50.0/29.0,11
1951-01-11,52.0/27.0,10
1951-01-12,49.0/34.0,14
1951-01-13,53.0/29.0,14
1951-01-14,53.0/28.0,12
1951-01-15,54.0/33.0,32
1951-01-16,56.0/32.0,23
1951-01-18,61.0/33.0,19
1951-01-19,59.0/45.0,25
1951-01-20,54.0/29.0,10
1951-01-21,56.0/31.0,24
1951-01-22,60.0/33.0,27
1951-01-29,57.0/33.0,31
1951-01-30,42.0/31.0,5
1951-01-31,40.0/22.0,2
1951-02-01,41.0/25.0,1
1951-02-02,46.0/22.0,2
1951-02-05,65.0/34.0,11
1951-02-08,71.0/44.0,17
1951-02-11,70.0/52.0,12
1951-02-12,63.0/47.0,27
1951-02-13,61.0/42.0,32
1951-02-16,62.0/32.0,15
1951-02-17,65.0/31.0,5
1951-02-18,61.0/45.0,22
1951-02-20,57.0/27.0,6
1951-02-21,69.0/32.0,2
1951-02-24,58.0/32.0,22
1951-02-26,55.0/40.0,28
1951-02-27,49.0/31.0,14
1951-02-28,53.0/24.0,2
1951-03-01,45.0/27.0,2
1951-03-02,47.0/33.0,9
1951-03-03,51.0/31.0,15
1951-03-04,52.0/32.0,20
1951-03-08,69.0/41.0,19
1951-03-10,63.0/44.0,30
1951-03-13,75.0/35.0,1
1951-03-15,80.0/38.0,1
1951-03-17,58.0/42.0,39
1951-03-22,79.0/52.0,25
1951-03-23,72.0/43.0,17
1951-03-25,82.0/40.0,1
1951-03-27,76.0/53.0,23
1951-03-30,66.0/47.0,20
1951-04-01,70.0/39.0,11
1951-04-04,71.0/52.0,19
1951-04-06,74.0/44.0,23
1951-04-08,85.0/49.0,8
1951-04-10,83.0/56.0,32
1951-04-11,75.0/47.0,26
1951-04-13,88.0/46.0,1
1951-04-14,90.0/49.0,2
1951-04-15,88.0/53.0,10
1951-04-16,85.0/59.0,24
1951-04-18,80.0/51.0,18
1951-04-19,70.0/56.0,12
1951-04-20,80.0/54.0,27
1951-04-21,82.0/58.0,26
1951-04-23,88.0/58.0,20
1951-04-25,66.0/50.0,23
1951-04-26,72.0/46.0,23
1951-04-27,78.0/45.0,16
1951-04-28,73.0/50.0,18
1951-04-29,62.0/45.0,32
1951-04-30,67.0/43.0,34
1951-05-02,77.0/45.0,14
1951-05-04,88.0/56.0,21
1951-05-07,85.0/53.0,20
1951-05-08,86.0/55.0,23
1951-05-13,76.0/48.0,19
1951-05-14,67.0/48.0,21
1951-05-21,78.0/60.0,21
1951-05-22,81.0/55.0,21
1951-05-23,92.0/59.0,17
1951-05-25,105.0/65.0,4
1951-05-26,109.0/71.0,8
1951-05-27,105.0/77.0,43
1951-05-28,98.0/77.0,24
1951-05-30,95.0/72.0,22
1951-05-31,84.0/65.0,18
1951-06-02,82.0/55.0,25
1951-06-03,85.0/56.0,20
1951-06-04,93.0/54.0,5
1951-06-06,90.0/62.0,24
1951-06-11,98.0/61.0,9
1951-06-13,99.0/63.0,10
1951-06-14,102.0/64.0,6
1951-06-16,109.0/73.0,6
1951-06-17,108.0/74.0,17
1951-06-23,99.0/70.0,28
1951-06-25,101.0/68.0,20
1951-06-29,109.0/72.0,6
1951-07-01,107.0/70.0,15
1951-07-03,104.0/76.0,44
1951-07-07,110.0/80.0,22
1951-07-09,110.0/73.0,6
1951-07-11,105.0/73.0,31
1951-07-13,108.0/68.0,4
1951-07-15,110.0/81.0,16
1951-07-16,101.0/81.0,20
1951-07-18,111.0/80.0,11
1951-07-20,106.0/73.0,16
1951-07-22,107.0/75.0,20
1951-07-24,107.0/80.0,33
1951-07-25,97.0/80.0,9
1951-07-26,92.0/77.0,9
1951-07-31,110.0/79.0,16
1951-08-01,104.0/85.0,13
1951-08-03,81.0/71.0,2
1951-08-04,100.0/68.0,25
1951-08-12,107.0/73.0,8
1951-08-13,107.0/79.0,44
1951-08-14,109.0/80.0,36
1951-08-16,105.0/76.0,34
1951-08-17,109.0/76.0,12
1951-08-19,92.0/75.0,9
1951-08-21,96.0/69.0,38
1951-08-23,97.0/72.0,35
1951-08-25,100.0/65.0,11
1951-08-26,103.0/63.0,2
1951-08-27,95.0/68.0,34
1951-08-28,84.0/67.0,8
1951-08-29,91.0/65.0,31
1951-08-30,92.0/67.0,26
1951-08-31,94.0/62.0,15
1951-09-01,98.0/64.0,20
1951-09-03,97.0/62.0,16
1951-09-12,94.0/67.0,34
1951-09-14,103.0/60.0,1
1951-09-15,104.0/64.0,6
1951-09-16,102.0/65.0,7
1951-09-22,92.0/55.0,11
1951-09-23,99.0/61.0,6
1951-09-26,99.0/65.0,18
1951-09-27,96.0/65.0,20
1951-09-28,79.0/62.0,12
1951-09-29,82.0/62.0,20
1951-09-30,90.0/60.0,35
1951-10-04,79.0/56.0,24
1951-10-05,74.0/53.0,23
1951-10-08,86.0/53.0,13
1951-10-10,95.0/64.0,22
1951-10-16,78.0/56.0,21
1951-10-17,83.0/51.0,22
1951-10-26,56.0/46.0,13
1951-10-27,68.0/42.0,34
1951-10-29,73.0/43.0,16
1951-10-30,68.0/45.0,28
1951-11-01,74.0/45.0,20
1951-11-08,70.0/37.0,12
1951-11-16,56.0/37.0,26
1951-11-17,56.0/28.0,14
1951-11-18,60.0/31.0,17
1951-11-19,61.0/34.0,23
1951-11-20,66.0/48.0,24
1951-11-22,60.0/44.0,25
1951-11-23,48.0/39.0,7
1951-11-24,52.0/34.0,15
1951-11-25,53.0/32.0,19
1951-11-26,54.0/32.0,28
1951-11-27,61.0/40.0,22
1951-11-29,62.0/35.0,26
1951-11-30,59.0/35.0,24
1951-12-01,66.0/35.0,19
1951-12-05,59.0/34.0,28
1951-12-06,48.0/29.0,7
1951-12-07,44.0/30.0,2
1951-12-08,43.0/27.0,2
1951-12-09,46.0/21.0,1
1951-12-10,53.0/23.0,4
1951-12-12,47.0/32.0,11
1951-12-13,53.0/40.0,15
1951-12-16,51.0/27.0,3
1951-12-17,55.0/31.0,27
1951-12-18,59.0/30.0,10
1951-12-19,60.0/34.0,33
1951-12-20,47.0/27.0,9
1951-12-21,46.0/23.0,5
1951-12-25,50.0/28.0,9
1951-12-29,64.0/52.0,15
1951-12-30,53.0/41.0,14
1951-12-31,46.0/31.0,11
1952-01-01,40.0/23.0,2
1952-01-03,43.0/18.0,1
1952-01-04,45.0/17.0,1
1952-01-05,48.0/21.0,1
1952-01-06,45.0/24.0,2
1952-01-09,46.0/24.0,6
1952-01-10,48.0/23.0,3
1952-01-13,50.0/36.0,14
1952-01-16,57.0/42.0,26
1952-01-17,49.0/36.0,12
1952-01-19,53.0/33.0,24
1952-01-20,57.0/35.0,42
1952-01-21,56.0/33.0,21
1952-01-22,53.0/30.0,16
1952-01-24,55.0/41.0,19
1952-01-25,62.0/42.0,31
1952-01-27,62.0/39.0,47
1952-01-29,58.0/35.0,38
1952-02-02,65.0/50.0,15
1952-02-03,62.0/44.0,27
1952-02-07,63.0/33.0,12
1952-02-11,67.0/36.0,12
1952-02-12,56.0/38.0,20
1952-02-13,52.0/29.0,9
1952-02-15,58.0/27.0,6
1952-02-19,56.0/25.0,1
1952-02-24,60.0/40.0,40
1952-02-27,68.0/38.0,17
1952-03-04,60.0/37.0,40
1952-03-08,43.0/35.0,1
1952-03-13,53.0/36.0,21
1952-03-17,63.0/34.0,15
1952-03-19,64.0/43.0,28
1952-03-20,54.0/40.0,15
1952-03-21,53.0/37.0,15
1952-03-22,54.0/34.0,29
1952-03-25,74.0/50.0,30
1952-03-26,76.0/47.0,16
1952-03-27,70.0/46.0,23
1952-03-30,78.0/57.0,31
1952-03-31,79.0/51.0,29
1952-04-02,82.0/48.0,12
1952-04-03,77.0/53.0,28
1952-04-06,91.0/54.0,7
1952-04-09,70.0/45.0,23
1952-04-11,69.0/49.0,17
1952-04-17,83.0/53.0,29
1952-04-18,85.0/52.0,20
1952-04-19,81.0/53.0,16
1952-04-20,72.0/53.0,25
1952-04-21,78.0/53.0,32
1952-04-22,80.0/53.0,33
1952-04-23,84.0/54.0,21
1952-04-25,79.0/54.0,21
1952-04-26,76.0/55.0,19
1952-04-27,70.0/51.0,17
1952-04-28,59.0/48.0,10
1952-04-29,68.0/52.0,18
1952-04-30,75.0/51.0,18
1952-05-02,94.0/58.0,5
1952-05-03,91.0/64.0,30
1952-05-07,85.0/63.0,17
1952-05-10,87.0/56.0,18
1952-05-11,96.0/55.0,3
1952-05-13,96.0/68.0,34
1952-05-14,96.0/64.0,18
1952-05-15,78.0/59.0,21
1952-05-17,83.0/57.0,26
1952-05-18,86.0/57.0,24
1952-05-19,95.0/57.0,8
1952-05-21,85.0/65.0,18
1952-05-23,89.0/53.0,8
1952-05-25,98.0/65.0,25
1952-05-27,98.0/68.0,21
1952-05-28,103.0/66.0,6
1952-05-30,100.0/66.0,21
1952-06-01,90.0/58.0,19
1952-06-03,89.0/63.0,23
1952-06-08,100.0/62.0,7
1952-06-10,93.0/59.0,22
1952-06-12,93.0/64.0,27
1952-06-14,98.0/67.0,21
1952-06-23,89.0/71.0,12
1952-06-25,90.0/63.0,16
1952-06-26,87.0/65.0,19
1952-06-28,96.0/62.0,16
1952-07-05,104.0/78.0,45
1952-07-08,93.0/81.0,6
1952-07-15,104.0/68.0,18
1952-07-19,108.0/79.0,23
1952-07-21,108.0/80.0,27
1952-07-23,110.0/75.0,9
1952-07-29,94.0/71.0,20
1952-07-30,96.0/72.0,38
1952-08-07,109.0/79.0,27
1952-08-08,108.0/83.0,33
1952-08-09,104.0/82.0,36
1952-08-10,106.0/80.0,38
1952-08-20,103.0/78.0,41
1952-08-23,108.0/73.0,10
1952-08-25,104.0/79.0,42
1952-08-26,102.0/76.0,40
1952-08-31,104.0/72.0,29
1952-09-09,97.0/74.0,25
1952-09-19,90.0/65.0,23
1952-09-20,72.0/62.0,1
1952-09-23,92.0/65.0,25
1952-09-26,93.0/66.0,33
1952-10-07,93.0/58.0,8
1952-10-08,92.0/57.0,6
1952-10-13,94.0/55.0,1
1952-10-18,89.0/57.0,22
1952-10-23,86.0/52.0,10
1952-10-27,83.0/47.0,13
1952-11-01,78.0/50.0,21
1952-11-02,72.0/49.0,21
1952-11-09,66.0/38.0,23
1952-11-10,66.0/33.0,15
1952-11-14,66.0/45.0,32
1952-11-15,50.0/37.0,11
1952-11-16,52.0/38.0,12
1952-11-17,55.0/34.0,20
1952-11-18,57.0/34.0,21
1952-11-19,60.0/35.0,34
1952-11-22,52.0/42.0,11
1952-11-23,48.0/38.0,10
1952-11-27,47.0/21.0,2
1952-11-29,50.0/23.0,6
1952-12-03,55.0/30.0,27
1952-12-07,63.0/37.0,25
1952-12-14,68.0/39.0,20
1952-12-17,55.0/46.0,3
1952-12-18,55.0/42.0,19
1952-12-19,57.0/41.0,33
1952-12-22,52.0/31.0,17
1952-12-26,50.0/27.0,10
1952-12-27,48.0/27.0,5
1952-12-30,50.0/30.0,10
1953-01-02,60.0/32.0,19
1953-01-03,62.0/33.0,18
1953-01-04,64.0/33.0,11
1953-01-08,61.0/44.0,21
1953-01-09,66.0/42.0,28
1953-01-10,69.0/40.0,21
1953-01-13,67.0/40.0,27
1953-01-15,58.0/41.0,29
1953-01-21,59.0/46.0,12
1953-01-28,64.0/28.0,1
1953-02-03,70.0/35.0,6
1953-02-05,73.0/45.0,21
1953-02-08,62.0/46.0,31
1953-02-09,56.0/42.0,26
1953-02-11,58.0/26.0,1
1953-02-14,66.0/34.0,11
1953-02-15,66.0/40.0,30
1953-02-18,54.0/37.0,11
1953-02-19,50.0/34.0,18
1953-02-22,54.0/20.0,1
1953-02-23,57.0/25.0,1
1953-02-26,69.0/31.0,2
1953-03-01,51.0/35.0,13
1953-03-03,56.0/35.0,20
1953-03-09,81.0/40.0,1
1953-03-15,69.0/33.0,5
1953-03-16,77.0/36.0,1
1953-03-17,75.0/50.0,34
1953-03-19,74.0/56.0,13
1953-03-22,71.0/39.0,16
1953-03-26,83.0/44.0,2
1953-03-27,84.0/45.0,2
1953-04-02,82.0/50.0,17
1953-04-04,87.0/49.0,6
1953-04-06,79.0/55.0,20
1953-04-09,65.0/32.0,8
1953-04-12,70.0/33.0,1
1953-04-14,77.0/44.0,11
1953-04-21,84.0/60.0,21
1953-04-22,77.0/58.0,16
1953-04-23,92.0/50.0,4
1953-04-24,93.0/55.0,5
1953-04-28,74.0/52.0,28
1953-04-29,77.0/43.0,9
1953-05-02,71.0/47.0,26
1953-05-05,83.0/49.0,19
1953-05-06,90.0/52.0,4
1953-05-07,82.0/61.0,21
1953-05-09,70.0/50.0,23
1953-05-15,69.0/52.0,29
1953-05-17,87.0/54.0,10
1953-05-19,87.0/68.0,18
1953-05-21,87.0/66.0,17
1953-05-28,66.0/51.0,18
1953-05-31,87.0/60.0,19
1953-06-03,91.0/57.0,18
1953-06-07,89.0/59.0,17
1953-06-10,98.0/60.0,3
1953-06-11,102.0/61.0,3
1953-06-14,102.0/69.0,23
1953-06-15,103.0/61.0,1
1953-06-17,97.0/65.0,23
1953-06-18,86.0/66.0,21
1953-06-20,101.0/64.0,5
1953-06-21,107.0/63.0,2
1953-06-22,109.0/70.0,3
1953-06-27,101.0/63.0,5
1953-06-29,106.0/70.0,8
1953-07-02,109.0/65.0,1
1953-07-04,105.0/79.0,41
1953-07-06,111.0/78.0,7
1953-07-12,106.0/78.0,32
1953-07-14,94.0/76.0,11
1953-07-16,91.0/74.0,12
1953-07-17,90.0/74.0,10
1953-07-18,98.0/73.0,39
1953-07-23,113.0/80.0,6
1953-07-29,107.0/78.0,38
1953-07-31,94.0/75.0,18
1953-08-01,100.0/77.0,28
1953-08-09,101.0/82.0,23
1953-08-15,104.0/70.0,10
1953-08-21,103.0/82.0,28
1953-08-25,102.0/74.0,48
1953-08-29,93.0/69.0,13
1953-09-07,99.0/75.0,45
1953-09-08,102.0/71.0,24
1953-09-27,86.0/63.0,34
1953-09-28,88.0/55.0,13
1953-10-03,84.0/58.0,19
1953-10-06,91.0/58.0,18
1953-10-09,92.0/53.0,7
1953-10-11,81.0/59.0,23
1953-10-16,80.0/47.0,13
1953-10-18,86.0/48.0,6
1953-10-20,73.0/44.0,22
1953-10-22,54.0/41.0,17
1953-10-29,80.0/48.0,10
1953-10-30,81.0/48.0,16
1953-10-31,79.0/48.0,14
1953-11-02,70.0/57.0,8
1953-11-05,67.0/47.0,31
1953-11-09,71.0/40.0,18
1953-11-10,72.0/48.0,24
1953-11-15,73.0/51.0,23
1953-11-18,54.0/42.0,16
1953-11-25,73.0/39.0,11
1953-11-30,76.0/35.0,1
1953-12-09,52.0/25.0,9
1953-12-10,57.0/28.0,8
1953-12-13,65.0/30.0,3
1953-12-19,61.0/35.0,38
1953-12-23,52.0/26.0,9
1953-12-25,57.0/23.0,2
1953-12-26,61.0/25.0,1
1953-12-27,55.0/38.0,23
1953-12-29,56.0/24.0,3
1953-12-30,55.0/25.0,5
1953-12-31,56.0/21.0,1
1954-01-01,50.0/21.0,1
1954-01-02,53.0/21.0,1
1954-01-03,52.0/24.0,2
1954-01-05,63.0/28.0,1
1954-01-06,65.0/33.0,14
1954-01-10,53.0/26.0,7
1954-01-15,49.0/33.0,13
1954-01-18,64.0/49.0,20
1954-01-20,51.0/40.0,11
1954-01-21,53.0/34.0,24
1954-01-26,52.0/33.0,20
1954-02-04,71.0/37.0,5
1954-02-09,65.0/37.0,24
1954-02-13,67.0/52.0,13
1954-02-14,59.0/40.0,34
1954-02-15,58.0/37.0,29
1954-02-26,82.0/45.0,5
1954-03-06,72.0/35.0,3
1954-03-10,71.0/49.0,22
1954-03-11,51.0/38.0,12
1954-03-14,63.0/31.0,6
1954-03-20,61.0/48.0,13
1954-03-22,50.0/45.0,5
1954-03-25,56.0/39.0,36
1954-04-04,82.0/51.0,11
1954-04-07,75.0/54.0,23
1954-04-24,84.0/57.0,14
1954-04-27,84.0/59.0,23
1954-05-01,69.0/47.0,35
1954-05-09,89.0/62.0,21
1954-05-12,97.0/67.0,21
1954-05-15,94.0/64.0,19
1954-05-16,99.0/66.0,19
1954-05-19,99.0/67.0,15
1954-05-21,95.0/71.0,25
1954-05-22,84.0/62.0,22
1954-05-29,95.0/73.0,26
1954-05-30,91.0/66.0,19
1954-06-01,96.0/67.0,26
1954-06-04,92.0/68.0,24
1954-06-06,80.0/52.0,19
1954-06-07,89.0/52.0,2
1954-06-08,84.0/64.0,17
1954-06-13,89.0/67.0,25
1954-06-18,103.0/72.0,26
1954-06-21,111.0/73.0,5
1954-06-22,115.0/76.0,2
1954-06-23,112.0/83.0,9
1954-06-30,105.0/66.0,3
1954-07-02,106.0/71.0,9
1954-07-08,107.0/82.0,28
1954-07-17,98.0/80.0,11
1954-07-24,91.0/75.0,3
1954-07-25,87.0/69.0,11
1954-07-31,111.0/79.0,8
1954-08-01,110.0/83.0,23
1954-08-03,101.0/87.0,1
1954-08-04,102.0/79.0,31
1954-08-19,99.0/72.0,39
1954-08-20,94.0/72.0,30
1954-08-25,96.0/71.0,25
1954-09-03,94.0/70.0,31
1954-09-05,99.0/73.0,41
1954-09-15,94.0/69.0,33
1954-09-17,93.0/67.0,33
1954-09-21,98.0/57.0,1
1954-09-25,86.0/61.0,21
1954-10-02,90.0/57.0,17
1954-10-03,83.0/65.0,15
1954-10-15,84.0/51.0,18
1954-10-23,84.0/55.0,17
1954-10-25,64.0/40.0,28
1954-11-03,71.0/45.0,27
1954-11-09,75.0/46.0,18
1954-11-13,66.0/43.0,32
1954-11-16,68.0/46.0,36
1954-11-19,72.0/40.0,17
1954-12-01,57.0/31.0,20
1954-12-02,62.0/38.0,37
1954-12-04,65.0/43.0,27
1954-12-18,62.0/29.0,2
1954-12-21,62.0/30.0,10
1954-12-22,62.0/31.0,10
1954-12-23,59.0/29.0,17
1954-12-28,44.0/20.0,1
1954-12-29,51.0/24.0,4
1954-12-31,47.0/29.0,9
1955-01-05,45.0/29.0,6
1955-01-06,47.0/35.0,4
1955-01-08,45.0/28.0,3
1955-01-09,45.0/26.0,7
1955-01-10,42.0/33.0,2
1955-01-17,48.0/33.0,13
1955-01-21,51.0/26.0,7
1955-01-26,57.0/32.0,20
1955-01-28,61.0/27.0,1
1955-01-29,57.0/29.0,8
1955-02-01,63.0/39.0,30
1955-02-02,44.0/34.0,1
1955-02-03,45.0/30.0,7
1955-02-08,62.0/27.0,2
1955-02-09,68.0/30.0,2
1955-02-13,65.0/28.0,1
1955-02-18,49.0/32.0,12
1955-02-20,43.0/24.0,2
1955-02-24,55.0/24.0,1
1955-02-25,64.0/32.0,16
1955-02-27,62.0/41.0,31
1955-03-02,68.0/31.0,3
1955-03-10,72.0/52.0,23
1955-03-11,71.0/50.0,24
1955-03-15,59.0/42.0,36
1955-03-19,73.0/32.0,1
1955-03-20,51.0/36.0,16
1955-03-21,57.0/26.0,4
1955-03-22,67.0/32.0,5
1955-03-23,76.0/37.0,1
1955-04-01,82.0/41.0,2
1955-04-03,59.0/31.0,10
1955-04-05,63.0/43.0,35
1955-04-07,73.0/37.0,4
1955-04-14,77.0/64.0,4
1955-04-20,78.0/42.0,3
1955-04-22,66.0/49.0,26
1955-04-25,80.0/59.0,16
1955-04-26,68.0/51.0,22
1955-04-27,67.0/42.0,26
1955-04-28,85.0/39.0,1
1955-05-04,83.0/50.0,16
1955-05-14,73.0/56.0,25
1955-05-17,77.0/59.0,17
1955-05-24,87.0/61.0,35
1955-05-30,91.0/69.0,23
1955-06-23,104.0/80.0,51
1955-07-12,104.0/66.0,11
1955-07-17,108.0/81.0,30
1955-07-27,100.0/75.0,46
1955-07-28,101.0/75.0,37
1955-07-31,98.0/78.0,27
1955-08-02,107.0/77.0,25
1955-08-07,101.0/78.0,36
1955-08-13,90.0/68.0,22
1955-08-15,102.0/77.0,50
1955-08-17,95.0/76.0,19
1955-08-19,99.0/78.0,29
1955-08-22,105.0/80.0,37
1955-08-24,90.0/73.0,7
1955-08-25,97.0/75.0,20
1955-09-15,95.0/77.0,17
1955-09-16,93.0/73.0,19
1955-09-17,86.0/69.0,12
1955-09-18,80.0/61.0,15
1955-09-21,92.0/54.0,6
1955-09-24,81.0/61.0,14
1955-10-03,94.0/54.0,4
1955-10-04,88.0/66.0,18
1955-10-09,91.0/56.0,8
1955-10-19,87.0/63.0,18
1955-10-21,82.0/54.0,17
1955-10-27,68.0/47.0,30
1955-10-31,81.0/54.0,23
1955-11-07,73.0/48.0,31
1955-11-09,79.0/42.0,6
1955-11-13,65.0/49.0,20
1955-11-20,65.0/39.0,23
1955-11-21,67.0/45.0,40
1955-11-28,72.0/42.0,10
1955-12-01,63.0/49.0,14
1955-12-03,51.0/25.0,5
1955-12-06,51.0/41.0,12
1955-12-08,55.0/29.0,18
1955-12-24,69.0/57.0,3
1955-12-25,67.0/50.0,27
1955-12-26,64.0/47.0,20
1955-12-29,57.0/30.0,16
1956-01-14,63.0/45.0,32
1956-01-17,59.0/39.0,32
1956-01-25,63.0/50.0,20
1956-01-26,60.0/52.0,1
1956-02-01,41.0/29.0,3
1956-02-03,53.0/22.0,2
1956-02-08,52.0/39.0,13
1956-02-27,60.0/27.0,1
1956-02-28,64.0/29.0,6
1956-03-08,66.0/29.0,1
1956-03-09,74.0/34.0,1
1956-03-13,66.0/25.0,1
1956-03-14,60.0/43.0,33
1956-03-16,71.0/31.0,1
1956-03-18,78.0/38.0,2
1956-03-19,77.0/49.0,21
1956-03-24,88.0/47.0,2
1956-03-29,81.0/38.0,1
1956-03-31,77.0/51.0,27
1956-04-03,64.0/34.0,14
1956-04-04,77.0/37.0,1
1956-04-07,86.0/43.0,1
1956-04-10,86.0/50.0,5
1956-04-20,82.0/53.0,24
1956-04-27,72.0/51.0,20
1956-04-28,80.0/49.0,17
1956-05-11,79.0/58.0,22
1956-05-17,100.0/58.0,1
1956-05-25,93.0/62.0,18
1956-05-27,88.0/69.0,15
1956-05-30,98.0/58.0,2
1956-06-02,101.0/62.0,5
1956-06-06,96.0/61.0,13
1956-06-08,104.0/63.0,1
1956-06-09,105.0/64.0,3
1956-06-20,96.0/73.0,31
1956-06-27,114.0/74.0,1
1956-06-28,114.0/78.0,5
1956-06-30,101.0/80.0,28
1956-07-07,107.0/68.0,2
1956-07-10,109.0/82.0,33
1956-07-11,106.0/81.0,36
1956-07-14,100.0/76.0,33
1956-07-17,97.0/81.0,3
1956-07-19,103.0/83.0,29
1956-08-11,103.0/80.0,45
1956-08-25,102.0/80.0,32
1956-08-27,95.0/67.0,23
1956-09-01,105.0/69.0,9
1956-09-13,99.0/74.0,40
1956-09-18,104.0/62.0,2
1956-09-20,88.0/71.0,8
1956-09-21,88.0/65.0,31
1956-10-01,95.0/66.0,25
1956-10-15,84.0/48.0,4
1956-10-26,77.0/39.0,2
1956-10-28,58.0/44.0,16
1956-11-09,79.0/45.0,7
1956-11-15,55.0/27.0,12
1956-11-23,70.0/34.0,2
1956-12-05,62.0/52.0,4
1956-12-06,58.0/49.0,7
1956-12-09,52.0/16.0,1
1956-12-23,54.0/23.0,4
1956-12-27,66.0/31.0,2
1957-01-01,51.0/34.0,15
1957-01-09,50.0/31.0,14
1957-01-10,48.0/31.0,8
1957-01-12,53.0/43.0,4
1957-01-14,61.0/41.0,37
1957-01-16,57.0/38.0,30
1957-01-17,56.0/27.0,4
1957-01-29,40.0/24.0,2
1957-02-04,56.0/26.0,3
1957-02-12,74.0/47.0,23
1957-02-20,66.0/52.0,17
1957-02-23,66.0/53.0,6
1957-02-26,73.0/47.0,30
1957-03-03,69.0/46.0,25
1957-03-12,73.0/53.0,20
1957-03-13,65.0/44.0,27
1957-03-15,73.0/34.0,2
1957-03-22,58.0/40.0,23
1957-03-25,75.0/36.0,2
1957-03-30,75.0/53.0,17
1957-04-05,81.0/49.0,10
1957-04-18,65.0/42.0,28
1957-04-21,52.0/43.0,6
1957-04-25,73.0/55.0,20
1957-04-27,78.0/52.0,19
1957-05-03,87.0/57.0,6
1957-05-06,91.0/60.0,23
1957-05-10,69.0/54.0,13
1957-05-11,69.0/53.0,22
1957-05-13,75.0/58.0,11
1957-05-14,72.0/54.0,16
1957-05-18,85.0/67.0,8
1957-05-23,69.0/50.0,23
1957-05-24,79.0/47.0,13
1957-06-10,75.0/61.0,6
1957-06-16,85.0/64.0,24
1957-06-24,111.0/71.0,1
1957-06-25,113.0/85.0,4
1957-06-27,112.0/80.0,8
1957-07-05,112.0/76.0,4
1957-07-06,105.0/90.0,2
1957-07-10,96.0/76.0,23
1957-07-15,107.0/69.0,4
1957-07-17,95.0/79.0,4
1957-07-31,110.0/82.0,18
1957-08-09,106.0/69.0,7
1957-08-19,91.0/76.0,5
1957-08-20,78.0/71.0,1
1957-08-21,74.0/63.0,1
1957-08-25,100.0/80.0,15
1957-09-05,100.0/70.0,35
1957-09-17,82.0/64.0,12
1957-09-18,85.0/60.0,19
1957-09-20,88.0/60.0,15
1957-10-11,74.0/57.0,14
1957-10-15,73.0/54.0,17
1957-10-16,75.0/57.0,23
1957-10-26,67.0/51.0,17
1957-10-29,71.0/51.0,17
1957-10-31,60.0/50.0,3
1957-11-03,56.0/45.0,17
1957-11-05,50.0/43.0,6
1957-11-15,57.0/46.0,11
1957-12-01,55.0/26.0,6
1957-12-06,62.0/34.0,24
1957-12-09,69.0/39.0,15
1957-12-14,55.0/32.0,12
1957-12-15,51.0/45.0,5
1957-12-25,61.0/30.0,9
1958-01-20,52.0/28.0,4
1958-01-26,57.0/44.0,29
1958-02-04,53.0/45.0,6
1958-02-19,62.0/47.0,30
1958-03-09,55.0/37.0,31
1958-03-11,47.0/37.0,6
1958-03-15,61.0/50.0,9
1958-04-07,53.0/44.0,8
1958-04-09,72.0/45.0,22
1958-04-21,93.0/68.0,25
1958-04-30,78.0/58.0,16
1958-05-11,68.0/56.0,6
1958-05-21,97.0/70.0,26
1958-05-30,96.0/77.0,15
1958-06-08,87.0/64.0,19
1958-06-23,105.0/82.0,34
1958-06-28,106.0/82.0,41
1958-07-10,112.0/79.0,4
1958-07-11,113.0/82.0,3
1958-07-12,114.0/84.0,8
1958-07-13,112.0/86.0,5
1958-07-14,106.0/84.0,33
1958-08-11,110.0/86.0,15
1958-09-05,97.0/77.0,14
1958-09-28,87.0/62.0,28
1958-10-19,88.0/70.0,6
1958-10-25,70.0/53.0,22
1958-11-04,82.0/46.0,15
1958-11-12,60.0/45.0,28
1958-11-16,45.0/31.0,5
1958-11-21,67.0/38.0,21
1958-12-03,73.0/41.0,6
1959-01-02,61.0/29.0,6
1959-01-03,44.0/23.0,4
1959-01-04,47.0/20.0,1
1959-01-06,53.0/39.0,14
1959-01-07,53.0/42.0,16
1959-01-20,50.0/32.0,19
1959-01-31,55.0/28.0,11
1959-02-08,57.0/40.0,22
1959-02-09,51.0/33.0,17
1959-03-22,79.0/41.0,1
1959-03-24,66.0/46.0,26
1959-04-02,92.0/52.0,3
1959-04-06,85.0/54.0,17
1959-04-08,77.0/54.0,23
1959-04-16,76.0/52.0,18
1959-04-22,89.0/50.0,3
1959-04-26,79.0/61.0,8
1959-05-02,71.0/53.0,15
1959-05-13,95.0/65.0,20
1959-05-17,88.0/68.0,19
1959-06-23,113.0/78.0,5
1959-07-06,105.0/83.0,25
1959-07-09,109.0/69.0,3
1959-07-10,112.0/75.0,4
1959-07-11,116.0/76.0,2
1959-07-16,112.0/78.0,8
1959-07-18,113.0/87.0,7
1959-07-20,113.0/81.0,8
1959-07-24,111.0/81.0,9
1959-07-27,112.0/84.0,6
1959-07-30,93.0/77.0,6
1959-08-08,101.0/76.0,33
1959-08-21,94.0/65.0,19
1959-08-30,106.0/67.0,4
1959-09-28,80.0/58.0,24
1959-10-13,82.0/59.0,26
1959-10-28,79.0/50.0,19
1959-11-02,59.0/49.0,8
1959-11-06,64.0/36.0,18
1959-11-18,69.0/43.0,20
1959-12-09,58.0/45.0,17
1959-12-24,50.0/46.0,3
1959-12-28,48.0/30.0,8
1960-01-01,43.0/25.0,1
1960-01-07,49.0/29.0,7
1960-01-15,39.0/32.0,2
1960-01-21,46.0/29.0,8
1960-02-19,50.0/35.0,9
1960-02-25,59.0/26.0,2
1960-02-29,47.0/38.0,6
1960-03-12,77.0/47.0,17
1960-03-19,80.0/41.0,1
1960-03-22,84.0/47.0,6
1960-03-30,80.0/56.0,24
1960-04-05,94.0/53.0,1
1960-04-07,88.0/62.0,32
1960-04-23,60.0/42.0,26
1960-04-27,65.0/48.0,25
1960-05-02,81.0/63.0,8
1960-05-16,86.0/59.0,24
1960-05-17,90.0/59.0,16
1960-07-16,113.0/74.0,1
1960-07-17,113.0/77.0,1
1960-07-26,109.0/85.0,30
1960-07-27,106.0/85.0,21
1960-07-29,106.0/86.0,15
1960-08-12,111.0/84.0,11
1960-08-24,95.0/70.0,23
1960-09-01,80.0/69.0,2
1960-09-26,99.0/62.0,5
1960-10-08,83.0/63.0,18
1960-10-14,72.0/59.0,6
1960-10-15,67.0/56.0,4
1960-10-29,76.0/46.0,14
1960-11-05,57.0/52.0,1
1960-11-16,62.0/43.0,40
1960-12-10,48.0/32.0,12
1960-12-28,56.0/43.0,16
1961-03-04,59.0/41.0,32
1961-03-06,63.0/48.0,23
1961-05-03,85.0/57.0,17
1961-05-09,95.0/54.0,1
1961-05-31,85.0/61.0,21
1961-06-21,110.0/74.0,6
1961-06-26,112.0/81.0,6
1961-07-03,81.0/69.0,1
1961-07-13,110.0/89.0,12
1961-07-15,112.0/77.0,4
1961-07-20,109.0/84.0,26
1961-07-30,96.0/79.0,7
1961-08-09,109.0/81.0,20
1961-08-10,96.0/75.0,23
1961-08-22,99.0/77.0,30
1961-08-23,90.0/76.0,3
1961-10-02,84.0/53.0,18
1961-10-05,91.0/51.0,3
1961-10-08,59.0/47.0,15
1961-10-21,79.0/65.0,3
1961-11-09,70.0/47.0,31
1961-11-15,68.0/33.0,2
1961-11-30,64.0/50.0,26
1961-12-10,41.0/27.0,2
1961-12-11,38.0/24.0,1
1961-12-12,39.0/21.0,1
1961-12-13,43.0/21.0,1
1961-12-14,40.0/31.0,2
1961-12-15,43.0/33.0,2
1962-01-04,60.0/41.0,30
1962-01-06,74.0/36.0,1
1962-01-10,47.0/24.0,1
1962-01-11,41.0/17.0,1
1962-01-14,44.0/24.0,2
1962-01-15,45.0/20.0,2
1962-01-22,43.0/29.0,2
1962-02-09,60.0/48.0,12
1962-02-10,64.0/54.0,2
1962-02-25,52.0/35.0,10
1962-02-26,47.0/34.0,5
1962-02-27,39.0/25.0,2
1962-02-28,45.0/19.0,1
1962-03-26,81.0/41.0,1
1962-03-29,74.0/54.0,16
1962-04-04,84.0/49.0,2
1962-04-21,81.0/57.0,24
1962-05-11,86.0/65.0,11
1962-06-14,76.0/58.0,17
1962-07-12,93.0/74.0,19
1962-07-27,100.0/78.0,33
1962-08-15,109.0/83.0,33
1962-08-17,108.0/85.0,21
1962-10-11,88.0/67.0,21
1962-10-16,65.0/53.0,6
1962-10-18,62.0/51.0,13
1962-12-18,53.0/48.0,3
1962-12-27,46.0/19.0,1
1963-01-03,50.0/41.0,8
1963-01-11,38.0/23.0,4
1963-01-12,29.0/14.0,1
1963-01-13,31.0/8.0,1
1963-01-14,45.0/14.0,1
1963-01-19,42.0/22.0,1
1963-01-20,47.0/18.0,1
1963-01-31,67.0/55.0,9
1963-02-10,57.0/47.0,6
1963-02-12,53.0/35.0,22
1963-02-22,63.0/46.0,23
1963-03-03,58.0/46.0,14
1963-03-14,70.0/32.0,2
1963-03-15,55.0/39.0,22
1963-03-16,52.0/37.0,13
1963-04-19,71.0/46.0,24
1963-04-23,72.0/38.0,3
1963-05-08,83.0/67.0,4
1963-06-10,86.0/64.0,22
1963-06-11,86.0/62.0,19
1963-06-21,97.0/76.0,29
1963-07-16,104.0/84.0,17
1963-08-07,92.0/72.0,22
1963-09-05,89.0/70.0,12
1963-09-17,76.0/61.0,6
1963-10-09,95.0/69.0,21
1963-10-17,79.0/60.0,12
1963-10-18,63.0/57.0,1
1963-10-23,77.0/61.0,15
1963-11-03,68.0/54.0,14
1963-11-20,51.0/43.0,5
1963-12-11,46.0/33.0,4
1963-12-23,54.0/27.0,6
1964-01-05,51.0/30.0,14
1964-01-11,46.0/27.0,2
1964-01-13,46.0/25.0,6
1964-01-24,47.0/22.0,3
1964-02-19,71.0/35.0,5
1964-02-24,67.0/29.0,1
1964-02-27,60.0/25.0,1
1964-03-18,77.0/41.0,5
1964-03-22,56.0/41.0,20
1964-03-23,48.0/40.0,3
1964-03-30,85.0/47.0,2
1964-06-03,94.0/66.0,19
1964-06-25,108.0/70.0,1
1964-08-10,105.0/85.0,15
1964-08-11,100.0/81.0,9
1964-08-23,107.0/67.0,2
1964-09-06,96.0/74.0,28
1964-09-18,91.0/72.0,18
1964-09-20,92.0/51.0,1
1964-11-17,43.0/31.0,3
1964-11-18,48.0/36.0,8
1965-01-08,49.0/28.0,6
1965-01-20,56.0/44.0,12
1965-02-12,52.0/22.0,1
1965-03-11,54.0/43.0,14
1965-04-01,61.0/49.0,10
1965-04-03,52.0/44.0,5
1965-04-09,58.0/43.0,22
1965-05-20,91.0/71.0,20
1965-06-15,81.0/65.0,11
1965-07-15,102.0/82.0,18
1965-07-17,92.0/80.0,3
1965-07-24,86.0/73.0,1
1965-07-29,99.0/82.0,11
1965-07-30,97.0/79.0,14
1965-09-17,71.0/56.0,9
1965-09-18,67.0/53.0,17
1965-10-16,61.0/53.0,1
1965-11-16,56.0/51.0,2
1965-11-19,67.0/49.0,23
1965-11-22,55.0/48.0,4
1965-12-09,54.0/49.0,2
1965-12-14,44.0/37.0,3
1965-12-15,48.0/34.0,4
1965-12-22,45.0/39.0,2
1966-01-01,47.0/30.0,9
1966-01-02,43.0/26.0,4
1966-01-16,54.0/39.0,18
1966-01-21,44.0/27.0,1
1966-02-10,44.0/32.0,2
1966-02-19,70.0/31.0,1
1966-04-03,77.0/57.0,20
1966-04-06,85.0/45.0,2
1966-05-24,96.0/58.0,6
1966-07-17,109.0/77.0,14
1966-07-29,102.0/84.0,11
1966-09-19,79.0/66.0,1
1966-09-27,82.0/65.0,9
1966-10-02,86.0/67.0,17
1966-10-03,76.0/59.0,10
1966-10-14,65.0/46.0,23
1966-12-02,71.0/54.0,14
1967-01-22,57.0/45.0,15
1967-04-26,81.0/42.0,1
1967-07-03,114.0/82.0,4
1967-07-22,99.0/85.0,4
1967-08-05,105.0/84.0,18
1967-09-01,93.0/75.0,10
1967-09-10,92.0/71.0,20
1967-09-18,80.0/64.0,9
1967-09-25,81.0/64.0,11
1967-11-19,61.0/51.0,7
1967-12-13,35.0/27.0,1
1967-12-14,36.0/27.0,1
1967-12-15,41.0/32.0,2
1967-12-16,44.0/33.0,5
1967-12-18,42.0/34.0,1
1967-12-19,44.0/35.0,3
1967-12-20,42.0/29.0,6
1968-01-01,49.0/27.0,4
1968-02-06,66.0/44.0,36
1968-02-09,59.0/51.0,6
1968-03-06,65.0/51.0,18
1968-03-28,81.0/43.0,3
1968-04-19,74.0/35.0,1
1968-04-30,92.0/49.0,1
1968-05-22,83.0/59.0,20
1968-06-11,97.0/57.0,1
1968-06-17,108.0/69.0,1
1968-06-19,110.0/69.0,1
1968-08-24,96.0/56.0,1
1968-09-20,80.0/62.0,18
1968-11-13,64.0/48.0,15
1968-11-15,54.0/45.0,10
1968-12-02,51.0/37.0,15
1968-12-20,39.0/26.0,1
1968-12-22,40.0/15.0,2
1968-12-23,47.0/23.0,4
1969-01-14,52.0/46.0,2
1969-01-24,48.0/42.0,5
1969-01-29,43.0/30.0,1
1969-02-01,49.0/26.0,4
1969-02-19,47.0/41.0,2
1969-02-20,50.0/38.0,15
1969-02-25,54.0/48.0,3
1969-03-10,44.0/36.0,2
1969-07-03,111.0/83.0,17
1969-07-27,90.0/80.0,1
1969-08-01,113.0/86.0,9
1969-08-13,103.0/81.0,23
1969-09-16,81.0/62.0,8
1969-10-08,89.0/49.0,1
1969-10-21,63.0/54.0,2
1969-11-29,66.0/30.0,1
1969-12-01,64.0/41.0,37
1969-12-14,60.0/28.0,2
1969-12-31,49.0/22.0,1
1970-01-02,45.0/18.0,1
1970-01-03,44.0/14.0,2
1970-01-05,44.0/21.0,1
1970-01-06,43.0/17.0,1
1970-01-07,47.0/26.0,3
1970-02-10,55.0/47.0,3
1970-02-21,55.0/44.0,9
1970-03-09,68.0/43.0,26
1970-03-18,57.0/43.0,21
1970-03-26,79.0/39.0,1
1970-04-10,89.0/51.0,2
1970-05-16,100.0/60.0,2
1970-06-25,115.0/78.0,2
1970-07-08,100.0/82.0,13
1970-07-13,111.0/75.0,3
1970-07-16,113.0/84.0,7
1970-08-04,82.0/67.0,6
1970-08-27,96.0/78.0,11
1970-09-13,93.0/72.0,17
1970-10-03,83.0/64.0,11
1970-10-07,70.0/54.0,4
1970-10-22,72.0/56.0,16
1970-11-04,68.0/53.0,22
1970-11-29,58.0/47.0,7
1971-01-03,38.0/27.0,1
1971-01-04,34.0/21.0,1
1971-01-05,35.0/18.0,1
1971-01-06,35.0/12.0,1
1971-01-07,36.0/15.0,1
1971-01-08,38.0/20.0,1
1971-01-10,45.0/23.0,5
1971-02-27,47.0/19.0,1
1971-03-21,80.0/39.0,1
1971-04-02,76.0/39.0,1
1971-05-03,78.0/54.0,16
1971-05-21,70.0/55.0,8
1971-07-21,104.0/83.0,21
1971-08-04,103.0/85.0,5
1971-08-05,103.0/84.0,10
1971-08-23,92.0/74.0,10
1971-08-28,92.0/76.0,4
1971-11-03,70.0/36.0,4
1971-11-15,52.0/41.0,9
1971-12-08,44.0/28.0,3
1971-12-09,45.0/21.0,2
1971-12-24,56.0/48.0,5
1971-12-27,46.0/30.0,5
1972-01-04,40.0/21.0,1
1972-01-31,51.0/20.0,1
1972-02-03,50.0/19.0,1
1972-02-12,64.0/26.0,1
1972-04-11,72.0/58.0,9
1972-04-28,89.0/48.0,1
1972-06-07,83.0/66.0,5
1972-06-30,114.0/80.0,4
1972-07-01,116.0/83.0,1
1972-07-06,108.0/84.0,24
1972-07-14,116.0/82.0,1
1972-07-30,110.0/87.0,12
1972-08-01,111.0/86.0,9
1972-08-13,83.0/69.0,3
1972-08-14,89.0/69.0,14
1972-09-06,79.0/63.0,11
1972-09-18,85.0/66.0,8
1972-10-06,74.0/61.0,7
1972-10-18,66.0/56.0,4
1972-10-27,64.0/51.0,11
1972-12-09,37.0/25.0,1
1972-12-10,32.0/20.0,1
1972-12-11,36.0/21.0,1
1972-12-12,34.0/19.0,2
1972-12-29,49.0/39.0,9
1973-01-04,42.0/27.0,4
1973-01-05,40.0/18.0,1
1973-01-06,42.0/18.0,1
1973-01-07,42.0/19.0,1
1973-01-09,38.0/32.0,2
1973-02-13,51.0/39.0,8
1973-02-21,50.0/42.0,4
1973-04-14,68.0/50.0,23
1973-05-05,65.0/52.0,11
1973-05-25,87.0/70.0,6
1973-07-06,110.0/88.0,10
1973-07-11,107.0/86.0,17
1973-07-18,99.0/81.0,13
1973-10-05,91.0/52.0,2
1974-01-02,31.0/13.0,1
1974-01-03,32.0/12.0,1
1974-01-04,33.0/20.0,1
1974-01-06,41.0/35.0,1
1974-01-11,45.0/32.0,5
1974-01-12,47.0/39.0,5
1974-04-09,67.0/54.0,9
1974-05-18,74.0/55.0,18
1974-06-14,111.0/72.0,2
1974-06-25,108.0/86.0,17
1974-07-15,89.0/72.0,9
1974-07-28,110.0/85.0,13
1974-12-29,46.0/36.0,2
1975-06-18,84.0/69.0,5
1975-07-26,107.0/85.0,17
1975-08-06,109.0/86.0,15
1975-08-10,107.0/84.0,33
1975-09-08,88.0/73.0,2
1975-09-09,81.0/68.0,4
1975-10-23,62.0/49.0,14
1975-11-23,67.0/31.0,1
1976-01-02,44.0/19.0,2
1976-02-07,55.0/45.0,11
1976-02-08,59.0/50.0,6
1976-03-31,78.0/40.0,1
1976-06-25,103.0/62.0,2
1976-07-30,87.0/73.0,5
1976-09-09,88.0/72.0,3
1976-09-10,79.0/68.0,4
1976-09-11,81.0/66.0,5
1976-09-25,82.0/63.0,13
1976-10-01,74.0/62.0,6
1976-10-02,77.0/60.0,14
1976-10-26,69.0/56.0,7
1976-12-21,62.0/26.0,1
1977-01-17,71.0/32.0,1
1977-02-20,77.0/38.0,1
1977-03-25,50.0/39.0,7
1977-03-27,79.0/40.0,1
1977-05-24,62.0/53.0,5
1977-07-18,107.0/87.0,19
1977-07-22,99.0/84.0,2
1977-07-31,115.0/82.0,2
1977-08-16,92.0/73.0,18
1977-08-17,87.0/71.0,6
1977-09-11,82.0/68.0,5
1977-12-28,52.0/45.0,5
1978-01-10,47.0/42.0,3
1978-02-28,57.0/51.0,1
1978-03-01,62.0/50.0,11
1978-03-04,60.0/49.0,10
1978-07-26,98.0/81.0,9
1978-07-31,115.0/80.0,1
1978-08-01,112.0/85.0,12
1978-08-08,114.0/81.0,1
1978-09-05,97.0/78.0,9
1978-10-20,70.0/59.0,1
1978-11-10,69.0/60.0,3
1978-12-07,39.0/27.0,2
1979-01-16,45.0/41.0,1
1979-01-28,35.0/23.0,1
1979-01-29,38.0/17.0,1
1979-01-31,37.0/29.0,1
1979-07-15,112.0/72.0,1
1979-07-16,114.0/75.0,1
1979-08-01,116.0/78.0,1
1979-08-02,115.0/79.0,1
1979-08-03,116.0/77.0,1
1979-08-13,85.0/68.0,8
1980-01-10,60.0/53.0,3
1980-01-11,58.0/48.0,4
1980-04-11,69.0/55.0,7
1980-04-28,76.0/60.0,12
1980-04-29,63.0/53.0,5
1980-07-22,111.0/85.0,8
1980-07-29,108.0/88.0,10
1980-08-02,112.0/87.0,10
1980-08-03,109.0/87.0,14
1980-10-14,74.0/59.0,4
1981-01-12,56.0/49.0,4
1981-05-11,90.0/71.0,14
1981-05-26,78.0/65.0,4
1981-05-27,74.0/60.0,10
1981-06-14,82.0/66.0,8
1981-06-16,100.0/59.0,1
1981-06-27,98.0/82.0,7
1981-07-06,107.0/88.0,9
1981-11-13,77.0/62.0,6
1981-11-28,51.0/42.0,4
1982-03-10,75.0/59.0,9
1982-05-02,75.0/60.0,7
1982-06-30,83.0/68.0,5
1982-08-24,80.0/67.0,4
1982-08-25,84.0/68.0,4
1982-09-04,102.0/83.0,15
1982-09-08,87.0/72.0,4
1982-09-25,92.0/78.0,2
1982-12-08,49.0/40.0,7
1982-12-09,51.0/44.0,4
1982-12-24,49.0/41.0,2
1983-01-22,48.0/37.0,6
1983-02-02,45.0/33.0,4
1983-02-03,43.0/36.0,1
1983-02-07,53.0/46.0,5
1983-03-02,52.0/48.0,1
1983-03-14,68.0/55.0,7
1983-05-16,76.0/62.0,4
1983-07-15,101.0/83.0,12
1983-07-30,97.0/84.0,1
1983-08-01,89.0/77.0,3
1983-08-09,90.0/77.0,2
1983-08-10,82.0/70.0,1
1983-08-15,89.0/73.0,10
1983-08-17,74.0/68.0,1
1983-08-18,74.0/67.0,1
1983-09-01,93.0/78.0,2
1983-09-26,76.0/63.0,4
1983-10-05,72.0/60.0,3
1983-12-25,53.0/47.0,1
1984-07-14,96.0/81.0,5
1984-12-17,44.0/29.0,3
1984-12-18,42.0/35.0,1
1984-12-19,47.0/40.0,1
1985-01-31,39.0/24.0,1
1985-02-01,37.0/18.0,1
1985-02-02,35.0/29.0,1
1985-02-03,41.0/24.0,1
1985-02-05,41.0/20.0,1
1985-07-03,113.0/76.0,2
1985-07-05,116.0/85.0,2
1985-07-16,97.0/83.0,3
1985-07-18,85.0/71.0,1
1985-07-20,88.0/75.0,1
1986-07-20,89.0/74.0,3
1986-07-21,86.0/75.0,4
1986-08-18,98.0/83.0,3
1986-09-18,85.0/69.0,3
1986-09-23,73.0/59.0,10
1986-09-27,68.0/59.0,1
1986-11-01,66.0/54.0,5
1986-11-18,60.0/51.0,1
1986-12-06,52.0/47.0,5
1987-01-07,41.0/34.0,1
1987-01-16,40.0/30.0,2
1987-02-25,40.0/33.0,1
1987-05-15,81.0/70.0,2
1987-05-16,72.0/63.0,1
1987-10-24,65.0/56.0,2
1987-10-31,61.0/55.0,1
1987-12-12,49.0/38.0,7
1987-12-13,46.0/35.0,3
1987-12-17,46.0/39.0,1
1987-12-19,43.0/39.0,1
1988-01-05,47.0/36.0,2
1988-06-19,96.0/80.0,6
1988-07-03,105.0/86.0,10
1988-08-05,91.0/79.0,3
1988-09-20,80.0/65.0,1
1988-12-26,44.0/31.0,2
1988-12-27,39.0/19.0,1
1989-02-05,39.0/22.0,1
1989-02-07,36.0/16.0,1
1989-02-08,36.0/28.0,1
1989-04-06,95.0/56.0,1
1989-05-18,90.0/70.0,9
1989-07-05,114.0/73.0,1
1989-07-08,113.0/91.0,4
1989-07-11,87.0/74.0,1
1989-07-19,115.0/83.0,1
1989-07-20,112.0/88.0,9
1989-07-22,107.0/89.0,2
1989-09-17,86.0/68.0,10
1990-02-14,42.0/32.0,1
1990-07-02,103.0/86.0,8
1990-08-14,94.0/78.0,2
1990-08-15,85.0/73.0,6
1990-12-22,34.0/12.0,1
1990-12-23,33.0/11.0,1
1990-12-24,39.0/14.0,1
1990-12-31,48.0/18.0,1
1991-01-03,46.0/40.0,2
1992-01-07,49.0/35.0,6
1992-02-06,57.0/50.0,1
1992-03-27,56.0/50.0,3
1992-05-21,78.0/66.0,3
1992-07-08,81.0/73.0,1
1992-08-30,85.0/70.0,7
1992-10-27,71.0/58.0,5
1992-10-30,67.0/57.0,3
1992-12-07,48.0/43.0,2
1993-01-06,42.0/36.0,1
1993-06-04,86.0/71.0,1
1993-08-02,114.0/85.0,2
1994-02-04,45.0/37.0,1
1994-04-24,63.0/51.0,6
1994-06-28,115.0/87.0,3
1994-06-29,115.0/86.0,5
1994-06-30,115.0/89.0,6
1994-07-01,110.0/90.0,5
1994-08-06,113.0/88.0,3
1994-08-12,102.0/87.0,3
1994-08-17,102.0/86.0,3
1994-10-03,80.0/68.0,3
1994-10-04,78.0/64.0,5
1994-10-05,73.0/58.0,4
1994-12-25,57.0/48.0,6
1994-12-29,49.0/43.0,1
1995-01-04,43.0/37.0,2
1995-01-23,49.0/44.0,2
1995-03-10,68.0/58.0,3
1995-06-16,70.0/58.0,7
1995-07-10,100.0/83.0,6
1995-07-28,114.0/87.0,1
1995-08-07,109.0/88.0,8
1995-08-10,103.0/89.0,2
1995-09-08,99.0/80.0,7
1995-09-21,89.0/75.0,7
1996-02-20,65.0/55.0,4
1996-02-21,60.0/54.0,2
1996-04-16,77.0/63.0,5
1996-07-03,108.0/89.0,8
1996-07-09,104.0/86.0,8
1996-08-02,106.0/88.0,6
1996-09-13,83.0/71.0,1
1996-09-16,81.0/67.0,5
1996-11-29,54.0/46.0,2
1996-12-10,59.0/52.0,1
1997-03-16,78.0/62.0,5
1997-04-24,71.0/57.0,6
1997-07-21,91.0/77.0,2
1997-07-22,86.0/70.0,7
1997-07-31,93.0/76.0,5
1997-08-03,95.0/83.0,3
1997-09-03,78.0/67.0,2
1997-09-18,94.0/77.0,5
1997-09-25,80.0/66.0,2
1998-07-16,116.0/79.0,1
1998-08-09,101.0/84.0,4
1998-08-25,99.0/83.0,8
1998-10-03,82.0/69.0,5
1998-10-04,75.0/63.0,1
1998-10-16,66.0/57.0,1
1998-12-22,43.0/20.0,1
1999-04-23,58.0/52.0,1
1999-04-24,58.0/50.0,4
1999-04-29,56.0/47.0,4
1999-05-24,77.0/65.0,3
1999-07-28,97.0/82.0,4
2000-01-17,63.0/52.0,6
2000-05-11,72.0/57.0,6
2000-06-16,104.0/87.0,8
2000-07-14,104.0/89.0,2
2000-10-22,64.0/55.0,3
2000-10-23,61.0/52.0,2
2001-02-26,48.0/44.0,1
2001-08-06,106.0/87.0,8
2002-06-09,86.0/72.0,5
2002-07-10,109.0/89.0,7
2002-07-11,106.0/89.0,3
2002-07-14,110.0/92.0,2
2002-07-15,99.0/86.0,2
2002-07-24,99.0/87.0,3
2002-09-11,84.0/70.0,4
2002-11-08,73.0/62.0,1
2002-12-21,40.0/36.0,1
2003-02-13,55.0/49.0,1
2003-03-16,57.0/49.0,3
2003-07-11,115.0/88.0,1
2003-07-13,114.0/89.0,5
2003-07-14,112.0/90.0,7
2003-07-16,111.0/87.0,6
2003-07-23,106.0/92.0,1
2003-07-28,103.0/87.0,5
2003-08-12,106.0/90.0,2
2003-09-08,93.0/79.0,4
2004-04-10,73.0/60.0,5
2004-07-13,105.0/87.0,4
2004-07-15,98.0/85.0,1
2004-07-16,100.0/84.0,6
2004-08-14,90.0/78.0,1
2004-09-21,78.0/63.0,5
2004-10-20,67.0/58.0,1
2005-01-07,45.0/34.0,2
2005-01-09,59.0/53.0,1
2005-01-10,59.0/54.0,1
2005-02-18,54.0/51.0,1
2005-02-21,54.0/47.0,1
2005-06-25,95.0/78.0,2
2005-07-17,116.0/93.0,2
2005-07-18,116.0/92.0,1
2005-07-19,117.0/95.0,1
2005-07-20,110.0/94.0,1
2005-07-21,109.0/90.0,3
2005-08-05,101.0/85.0,3
2005-08-08,98.0/84.0,2
2005-08-09,86.0/77.0,1
2005-09-20,82.0/71.0,1
2005-10-18,63.0/56.0,1
2005-10-19,68.0/57.0,3
2005-10-28,72.0/61.0,1
2006-07-03,96.0/82.0,3
2006-07-04,94.0/81.0,4
2006-07-22,105.0/92.0,1
2006-07-23,111.0/88.0,4
2006-07-24,112.0/89.0,7
2007-01-13,36.0/26.0,1
2007-01-14,39.0/23.0,1
2007-07-05,116.0/86.0,1
2007-08-01,90.0/75.0,3
2007-12-08,50.0/40.0,7
2008-07-12,94.0/79.0,2
2008-08-04,100.0/85.0,2
2008-10-03,86.0/74.0,2
2008-12-15,45.0/36.0,1
2009-01-23,59.0/55.0,1
2010-02-06,51.0/46.0,1
2010-07-13,104.0/88.0,2
2010-07-16,112.0/91.0,5
2010-07-19,112.0/93.0,2
2010-07-20,110.0/91.0,4
2010-07-26,107.0/92.0,2
2010-07-29,105.0/88.0,5
2010-10-03,83.0/70.0,2
2010-10-22,71.0/60.0,1
2010-12-21,54.0/50.0,2
2010-12-30,45.0/35.0,2
2010-12-31,38.0/30.0,1
2011-07-04,94.0/80.0,5
2011-07-30,103.0/88.0,1
2011-10-04,73.0/63.0,1
2012-04-25,84.0/73.0,1
2012-04-26,75.0/62.0,2
2012-07-10,114.0/88.0,4
2012-07-11,114.0/91.0,5
2012-07-31,86.0/76.0,1
2012-11-30,70.0/60.0,2
2013-01-12,42.0/28.0,2
2013-01-14,38.0/26.0,1
2013-06-30,117.0/89.0,1
2013-07-01,114.0/95.0,1
2013-07-02,115.0/90.0,2
2013-07-03,113.0/92.0,4
2013-07-05,111.0/89.0,3
2013-08-24,91.0/78.0,2
2013-08-26,76.0/71.0,1
2013-09-07,89.0/81.0,1
2013-11-22,49.0/45.0,1
2013-11-23,48.0/45.0,2
2014-07-14,101.0/88.0,2
2014-10-07,83.0/72.0,1
2014-12-31,43.0/34.0,1
2015-01-11,55.0/50.0,1
2015-06-27,113.0/89.0,5
2015-07-04,102.0/91.0,1
2015-08-01,93.0/80.0,1
2015-08-25,97.0/87.0,1
2015-08-26,96.0/83.0,1
2015-09-15,82.0/72.0,1
2015-10-29,75.0/64.0,2
2016-05-17,75.0/65.0,1
2016-07-28,115.0/91.0,1
2016-07-29,113.0/94.0,2
2016-10-15,88.0/74.0,3
2016-10-24,71.0/62.0,1
2017-02-17,64.0/53.0,1
2017-03-25,71.0/59.0,1
2017-04-17,78.0/69.0,1
2017-06-20,117.0/88.0,1
2017-07-07,116.0/89.0,1
2017-07-25,85.0/75.0,1
2018-07-07,109.0/93.0,1
2018-07-24,112.0/92.0,3
2018-07-27,114.0/90.0,2
2018-07-29,108.0/91.0,1
2018-08-01,111.0/91.0,3
2018-10-07,70.0/61.0,1
2019-03-06,62.0/54.0,2
2019-07-23,104.0/91.0,2
2019-07-24,100.0/88.0,1
2019-09-16,95.0/80.0,1
2019-12-26,46.0/42.0,1
2020-07-13,110.0/93.0,1
2021-06-18,113.0/90.0,2
2021-06-23,92.0/82.0,1
2021-06-27,107.0/90.0,2
2021-07-10,117.0/94.0,1
2022-07-13,109.0/91.0,1
2022-07-17,108.0/90.0,2
2022-07-21,111.0/90.0,2
2022-07-23,102.0/89.0,1
2022-08-10,95.0/81.0,2
2022-08-13,90.0/79.0,1
2022-09-09,96.0/85.0,2
2022-09-10,87.0/75.0,2
2023-03-10,71.0/61.0,1
2023-07-16,116.0/87.0,1
2023-07-17,114.0/92.0,1
2023-08-20,76.0/67.0,1
2023-09-10,88.0/77.0,1
2024-02-05,49.0/46.0,1
2024-06-25,111.0/92.0,1
2024-07-06,115.0/85.0,1
2024-07-07,120.0/87.0,1
2024-07-09,119.0/90.0,1
2024-07-10,118.0/94.0,2
2024-07-12,115.0/94.0,1
2024-07-22,112.0/94.0,1
2024-07-25,114.0/93.0,1
2024-07-26,111.0/94.0,1
2024-08-17,108.0/92.0,1
2025-08-22,105.0/89.0,1
2025-08-25,92.0/84.0,1