1948-01-01,27.0/17.0,5
1948-01-02,39.0/17.0,6
1948-01-03,51.0/22.0,4
1948-01-04,48.0/33.0,19
1948-01-05,50.0/30.0,22
1948-01-06,51.0/30.0,18
1948-01-07,58.0/32.0,23
1948-01-08,65.0/39.0,19
1948-01-09,59.0/37.0,15
1948-01-10,56.0/35.0,20
1948-01-11,48.0/39.0,5
1948-01-12,51.0/29.0,13
1948-01-13,41.0/21.0,8
1948-01-14,39.0/20.0,11
1948-01-15,55.0/31.0,16
1948-01-16,31.0/17.0,3
1948-01-17,31.0/12.0,3
1948-01-18,35.0/21.0,6
1948-01-19,40.0/19.0,6
1948-01-21,57.0/31.0,18
1948-01-22,55.0/19.0,4
1948-01-23,27.0/6.0,3
1948-01-24,20.0/16.0,3
1948-01-25,31.0/18.0,6
1948-01-26,27.0/18.0,5
1948-01-27,18.0/8.0,3
1948-01-28,21.0/5.0,2
1948-01-29,23.0/18.0,4
1948-01-30,29.0/14.0,2
1948-01-31,37.0/17.0,2
1948-02-01,45.0/25.0,9
1948-02-02,39.0/34.0,10
1948-02-03,41.0/36.0,11
1948-02-04,45.0/29.0,20
1948-02-05,31.0/26.0,5
1948-02-06,35.0/25.0,8
1948-02-07,38.0/25.0,9
1948-02-08,25.0/14.0,4
1948-02-09,41.0/16.0,4
1948-02-10,42.0/29.0,15
1948-02-11,35.0/13.0,4
1948-02-12,18.0/12.0,2
1948-02-13,27.0/15.0,2
1948-02-14,51.0/24.0,13
1948-02-15,55.0/32.0,17
1948-02-16,64.0/35.0,14
1948-02-17,71.0/39.0,16
1948-02-18,70.0/47.0,21
1948-02-19,61.0/30.0,10
1948-02-20,33.0/25.0,7
1948-02-21,34.0/25.0,12
1948-02-22,39.0/24.0,8
1948-02-23,41.0/32.0,15
1948-02-24,49.0/40.0,6
1948-02-25,46.0/37.0,7
1948-02-26,63.0/43.0,17
1948-02-27,65.0/46.0,16
1948-02-28,61.0/41.0,16
1948-02-29,61.0/38.0,19
1948-03-01,52.0/40.0,9
1948-03-02,40.0/32.0,12
1948-03-03,39.0/30.0,5
1948-03-04,35.0/29.0,3
1948-03-05,32.0/27.0,5
1948-03-06,41.0/24.0,12
1948-03-07,46.0/22.0,6
1948-03-08,37.0/26.0,8
1948-03-09,41.0/28.0,8
1948-03-10,28.0/4.0,1
1948-03-11,14.0/1.0,1
1948-03-12,31.0/3.0,1
1948-03-13,47.0/18.0,6
1948-03-14,62.0/37.0,16
1948-03-15,68.0/44.0,22
1948-03-16,55.0/36.0,19
1948-03-17,56.0/36.0,16
1948-03-18,65.0/47.0,22
1948-03-19,73.0/51.0,23
1948-03-20,77.0/50.0,22
1948-03-22,51.0/40.0,5
1948-03-23,70.0/41.0,18
1948-03-24,79.0/48.0,12
1948-03-25,76.0/55.0,28
1948-03-26,67.0/41.0,26
1948-03-27,44.0/34.0,12
1948-03-28,58.0/28.0,17
1948-03-29,70.0/44.0,16
1948-03-30,78.0/53.0,26
1948-03-31,58.0/43.0,9
1948-04-01,63.0/34.0,24
1948-04-02,72.0/45.0,20
1948-04-03,70.0/45.0,31
1948-04-04,76.0/51.0,21
1948-04-05,78.0/60.0,26
1948-04-06,87.0/56.0,12
1948-04-07,83.0/58.0,24
1948-04-08,72.0/52.0,12
1948-04-09,74.0/46.0,12
1948-04-10,88.0/57.0,14
1948-04-11,78.0/59.0,17
1948-04-12,69.0/45.0,18
1948-04-13,66.0/44.0,19
1948-04-14,73.0/41.0,14
1948-04-15,81.0/47.0,10
1948-04-16,90.0/53.0,4
1948-04-17,87.0/61.0,31
1948-04-18,86.0/63.0,37
1948-04-19,83.0/67.0,29
1948-04-20,79.0/64.0,19
1948-04-21,83.0/57.0,31
1948-04-22,80.0/61.0,25
1948-04-23,81.0/62.0,37
1948-04-24,77.0/57.0,22
1948-04-25,70.0/54.0,14
1948-04-26,77.0/53.0,21
1948-04-27,86.0/57.0,21
1948-04-28,81.0/59.0,20
1948-04-29,80.0/55.0,28
1948-04-30,93.0/64.0,17
1948-05-01,93.0/61.0,7
1948-05-02,82.0/52.0,19
1948-05-03,68.0/56.0,9
1948-05-04,77.0/48.0,12
1948-05-05,84.0/56.0,22
1948-05-06,69.0/49.0,16
1948-05-07,77.0/49.0,14
1948-05-08,83.0/59.0,36
1948-05-09,88.0/63.0,35
1948-05-10,68.0/51.0,14
1948-05-11,59.0/49.0,7
1948-05-12,69.0/44.0,31
1948-05-14,80.0/57.0,31
1948-05-15,86.0/69.0,44
1948-05-16,84.0/67.0,36
1948-05-17,88.0/66.0,52
1948-05-19,82.0/62.0,41
1948-05-20,82.0/56.0,26
1948-05-21,90.0/59.0,17
1948-05-22,86.0/67.0,37
1948-05-23,88.0/65.0,46
1948-05-24,85.0/64.0,42
1948-05-25,66.0/58.0,7
1948-05-26,65.0/55.0,7
1948-05-27,75.0/58.0,19
1948-05-29,79.0/63.0,20
1948-05-30,80.0/65.0,22
1948-05-31,76.0/64.0,17
1948-06-01,82.0/64.0,26
1948-06-02,80.0/63.0,33
1948-06-03,81.0/60.0,35
1948-06-04,89.0/62.0,18
1948-06-05,100.0/67.0,6
1948-06-06,96.0/72.0,41
1948-06-07,95.0/70.0,44
1948-06-08,97.0/71.0,37
1948-06-09,90.0/68.0,59
1948-06-10,91.0/65.0,34
1948-06-11,90.0/66.0,56
1948-06-12,92.0/65.0,24
1948-06-13,89.0/71.0,42
1948-06-14,92.0/68.0,50
1948-06-15,91.0/72.0,40
1948-06-16,89.0/72.0,32
1948-06-17,97.0/73.0,38
1948-06-18,98.0/75.0,27
1948-06-19,84.0/68.0,24
1948-06-20,90.0/65.0,39
1948-06-22,90.0/69.0,61
1948-06-23,76.0/66.0,10
1948-06-24,82.0/66.0,22
1948-06-25,86.0/71.0,24
1948-06-27,84.0/64.0,45
1948-06-28,80.0/64.0,22
1948-06-29,89.0/64.0,37
1948-06-30,94.0/67.0,38
1948-07-01,88.0/70.0,56
1948-07-02,81.0/68.0,11
1948-07-03,84.0/69.0,26
1948-07-06,85.0/66.0,41
1948-07-07,91.0/73.0,44
1948-07-08,89.0/68.0,60
1948-07-09,88.0/69.0,48
1948-07-11,86.0/70.0,35
1948-07-12,91.0/70.0,80
1948-07-14,96.0/73.0,63
1948-07-15,91.0/68.0,39
1948-07-16,92.0/72.0,51
1948-07-17,95.0/72.0,55
1948-07-18,94.0/74.0,37
1948-07-19,93.0/73.0,49
1948-07-20,93.0/77.0,6
1948-07-21,94.0/77.0,10
1948-07-22,95.0/76.0,13
1948-07-23,79.0/68.0,12
1948-07-25,95.0/74.0,52
1948-07-26,94.0/72.0,56
1948-07-27,95.0/73.0,46
1948-07-29,92.0/74.0,33
1948-07-30,87.0/71.0,20
1948-07-31,90.0/64.0,27
1948-08-03,93.0/70.0,64
1948-08-04,81.0/65.0,24
1948-08-05,83.0/60.0,37
1948-08-06,78.0/62.0,16
1948-08-08,82.0/68.0,27
1948-08-10,94.0/73.0,51
1948-08-11,97.0/76.0,26
1948-08-12,95.0/69.0,44
1948-08-13,96.0/74.0,40
1948-08-17,93.0/68.0,59
1948-08-19,98.0/68.0,13
1948-08-20,102.0/69.0,4
1948-08-21,100.0/75.0,23
1948-08-22,99.0/71.0,35
1948-08-23,97.0/69.0,29
1948-08-24,94.0/69.0,43
1948-08-25,91.0/69.0,51
1948-08-26,85.0/69.0,30
1948-08-29,92.0/69.0,61
1948-08-30,96.0/69.0,39
1948-08-31,97.0/70.0,43
1948-09-02,91.0/62.0,13
1948-09-03,93.0/65.0,18
1948-09-04,94.0/68.0,47
1948-09-06,101.0/70.0,10
1948-09-09,83.0/56.0,28
1948-09-11,86.0/56.0,17
1948-09-12,85.0/54.0,23
1948-09-13,89.0/58.0,7
1948-09-17,86.0/66.0,42
1948-09-18,89.0/66.0,45
1948-09-19,90.0/70.0,64
1948-09-20,92.0/70.0,71
1948-09-21,95.0/67.0,33
1948-09-23,91.0/63.0,26
1948-09-24,87.0/66.0,33
1948-09-25,80.0/60.0,39
1948-09-27,76.0/46.0,23
1948-09-28,78.0/49.0,16
1948-09-29,80.0/49.0,14
1948-09-30,85.0/52.0,8
1948-10-01,86.0/54.0,11
1948-10-02,84.0/54.0,16
1948-10-04,82.0/53.0,15
1948-10-05,84.0/58.0,29
1948-10-07,72.0/44.0,14
1948-10-08,78.0/46.0,25
1948-10-09,76.0/53.0,22
1948-10-10,74.0/57.0,18
1948-10-11,70.0/40.0,18
1948-10-13,90.0/55.0,2
1948-10-14,77.0/51.0,19
1948-10-15,86.0/49.0,3
1948-10-16,75.0/45.0,22
1948-10-17,57.0/36.0,16
1948-10-18,65.0/33.0,13
1948-10-19,73.0/38.0,8
1948-10-20,73.0/53.0,24
1948-10-21,65.0/53.0,14
1948-10-22,75.0/47.0,17
1948-10-23,67.0/43.0,19
1948-10-24,72.0/37.0,14
1948-10-25,72.0/42.0,22
1948-10-26,73.0/47.0,21
1948-10-27,74.0/45.0,28
1948-10-28,70.0/51.0,19
1948-10-29,77.0/56.0,26
1948-10-30,74.0/60.0,15
1948-10-31,84.0/50.0,15
1948-11-02,69.0/53.0,14
1948-11-04,75.0/49.0,21
1948-11-05,51.0/43.0,5
1948-11-06,61.0/40.0,24
1948-11-07,66.0/35.0,10
1948-11-08,55.0/39.0,16
1948-11-09,50.0/32.0,21
1948-11-10,61.0/29.0,11
1948-11-11,60.0/35.0,27
1948-11-12,57.0/42.0,23
1948-11-13,64.0/33.0,25
1948-11-15,62.0/47.0,10
1948-11-16,65.0/44.0,14
1948-11-17,71.0/37.0,14
1948-11-20,59.0/28.0,22
1948-11-22,44.0/25.0,9
1948-11-23,54.0/25.0,19
1948-11-24,58.0/29.0,20
1948-11-25,62.0/43.0,16
1948-11-26,60.0/39.0,21
1948-11-27,47.0/34.0,12
1948-11-28,38.0/27.0,9
1948-11-29,52.0/23.0,10
1948-11-30,59.0/30.0,13
1948-12-02,49.0/37.0,5
1948-12-03,68.0/31.0,15
1948-12-04,66.0/46.0,15
1948-12-05,67.0/31.0,11
1948-12-07,47.0/29.0,12
1948-12-08,55.0/30.0,10
1948-12-09,40.0/27.0,13
1948-12-10,49.0/22.0,7
1948-12-11,66.0/39.0,17
1948-12-12,68.0/36.0,21
1948-12-14,72.0/64.0,8
1948-12-15,75.0/34.0,3
1948-12-16,51.0/27.0,10
1948-12-17,49.0/36.0,8
1948-12-18,52.0/35.0,16
1948-12-19,49.0/25.0,11
1948-12-20,53.0/30.0,19
1948-12-21,54.0/32.0,21
1948-12-22,52.0/34.0,18
1948-12-23,43.0/37.0,7
1948-12-24,39.0/32.0,8
1948-12-25,32.0/24.0,3
1948-12-27,47.0/28.0,17
1948-12-28,60.0/33.0,20
1948-12-29,40.0/24.0,6
1948-12-30,47.0/19.0,5
1948-12-31,40.0/23.0,6
1949-01-01,53.0/29.0,14
1949-01-02,65.0/35.0,17
1949-01-03,58.0/20.0,4
1949-01-04,33.0/17.0,4
1949-01-05,46.0/17.0,5
1949-01-07,57.0/33.0,18
1949-01-08,67.0/47.0,26
1949-01-09,62.0/15.0,2
1949-01-10,27.0/14.0,5
1949-01-11,27.0/19.0,4
1949-01-12,31.0/20.0,12
1949-01-13,40.0/31.0,11
1949-01-14,52.0/38.0,7
1949-01-15,60.0/40.0,23
1949-01-16,40.0/18.0,4
1949-01-19,21.0/10.0,5
1949-01-20,30.0/16.0,4
1949-01-21,32.0/22.0,13
1949-01-22,42.0/23.0,8
1949-01-23,56.0/30.0,27
1949-01-24,30.0/13.0,1
1949-01-25,17.0/11.0,2
1949-01-26,24.0/15.0,2
1949-01-27,31.0/21.0,3
1949-01-28,25.0/11.0,6
1949-01-29,15.0/5.0,1
1949-01-30,16.0/2.0,1
1949-01-31,29.0/8.0,2
1949-02-02,34.0/17.0,4
1949-02-04,36.0/28.0,6
1949-02-06,42.0/25.0,8
1949-02-07,49.0/24.0,8
1949-02-08,43.0/31.0,20
1949-02-11,62.0/38.0,16
1949-02-12,63.0/32.0,22
1949-02-13,33.0/18.0,4
1949-02-14,31.0/19.0,3
1949-02-15,42.0/28.0,12
1949-02-17,60.0/31.0,23
1949-02-18,66.0/36.0,18
1949-02-19,65.0/45.0,14
1949-02-21,44.0/28.0,12
1949-02-22,65.0/36.0,16
1949-02-23,57.0/48.0,4
1949-02-24,62.0/46.0,8
1949-02-25,47.0/35.0,12
1949-02-26,58.0/42.0,18
1949-02-28,45.0/26.0,21
1949-03-01,37.0/32.0,9
1949-03-03,61.0/34.0,28
1949-03-04,71.0/42.0,26
1949-03-05,70.0/52.0,13
1949-03-06,61.0/45.0,14
1949-03-08,66.0/45.0,30
1949-03-09,45.0/30.0,24
1949-03-10,55.0/27.0,16
1949-03-13,44.0/33.0,6
1949-03-14,60.0/32.0,25
1949-03-15,41.0/27.0,10
1949-03-16,68.0/32.0,18
1949-03-17,57.0/28.0,14
1949-03-18,56.0/25.0,16
1949-03-19,67.0/35.0,12
1949-03-21,64.0/42.0,11
1949-03-23,74.0/48.0,19
1949-03-24,73.0/52.0,20
1949-03-25,55.0/43.0,7
1949-03-26,66.0/47.0,19
1949-03-27,67.0/42.0,14
1949-03-28,75.0/46.0,14
1949-03-30,65.0/42.0,17
1949-03-31,54.0/36.0,16
1949-04-01,55.0/34.0,38
1949-04-02,43.0/34.0,8
1949-04-04,51.0/39.0,9
1949-04-05,69.0/37.0,18
1949-04-06,80.0/50.0,23
1949-04-07,86.0/50.0,8
1949-04-08,75.0/56.0,24
1949-04-10,55.0/44.0,8
1949-04-11,56.0/40.0,17
1949-04-12,66.0/42.0,19
1949-04-13,79.0/44.0,11
1949-04-14,60.0/44.0,11
1949-04-15,62.0/45.0,16
1949-04-16,72.0/40.0,23
1949-04-17,79.0/52.0,35
1949-04-18,70.0/49.0,16
1949-04-19,66.0/49.0,12
1949-04-20,64.0/53.0,13
1949-04-21,66.0/54.0,6
1949-04-22,83.0/52.0,12
1949-04-24,85.0/59.0,22
1949-04-25,76.0/62.0,14
1949-04-27,70.0/58.0,9
1949-04-28,63.0/53.0,8
1949-04-29,76.0/56.0,19
1949-05-02,84.0/52.0,11
1949-05-03,77.0/70.0,2
1949-05-04,80.0/59.0,29
1949-05-05,81.0/66.0,28
1949-05-06,87.0/60.0,24
1949-05-07,77.0/61.0,21
1949-05-08,78.0/58.0,24
1949-05-12,82.0/58.0,24
1949-05-13,80.0/58.0,30
1949-05-14,76.0/60.0,20
1949-05-15,76.0/61.0,19
1949-05-16,72.0/61.0,16
1949-05-18,81.0/61.0,37
1949-05-19,85.0/62.0,36
1949-05-21,82.0/59.0,21
1949-05-24,75.0/59.0,19
1949-05-25,80.0/56.0,29
1949-05-27,82.0/67.0,18
1949-05-28,82.0/65.0,25
1949-05-29,75.0/64.0,12
1949-05-31,92.0/73.0,48
1949-06-01,90.0/73.0,35
1949-06-03,85.0/63.0,30
1949-06-04,83.0/68.0,23
1949-06-06,85.0/68.0,39
1949-06-08,81.0/64.0,29
1949-06-09,82.0/63.0,28
1949-06-10,80.0/62.0,22
1949-06-12,81.0/67.0,11
1949-06-14,83.0/66.0,25
1949-06-15,87.0/63.0,34
1949-06-16,83.0/61.0,22
1949-06-20,94.0/71.0,68
1949-06-22,94.0/75.0,23
1949-06-23,87.0/69.0,42
1949-06-24,84.0/65.0,48
1949-06-25,87.0/65.0,36
1949-06-26,87.0/75.0,6
1949-06-27,89.0/75.0,5
1949-06-28,90.0/72.0,32
1949-07-02,99.0/74.0,26
1949-07-07,97.0/74.0,44
1949-07-14,95.0/68.0,33
1949-07-17,95.0/66.0,19
1949-07-18,98.0/76.0,24
1949-07-24,93.0/71.0,62
1949-07-25,91.0/74.0,24
1949-07-26,86.0/73.0,13
1949-07-29,96.0/70.0,33
1949-07-31,91.0/67.0,49
1949-08-05,89.0/65.0,41
1949-08-07,87.0/67.0,40
1949-08-09,80.0/68.0,17
1949-08-10,89.0/67.0,67
1949-08-12,96.0/71.0,42
1949-08-14,88.0/72.0,31
1949-08-15,95.0/71.0,54
1949-08-16,97.0/72.0,48
1949-08-18,85.0/70.0,27
1949-08-21,88.0/60.0,13
1949-08-22,92.0/62.0,11
1949-08-24,91.0/61.0,13
1949-08-25,90.0/63.0,16
1949-08-29,92.0/66.0,37
1949-08-31,78.0/63.0,15
1949-09-01,82.0/57.0,22
1949-09-02,86.0/60.0,27
1949-09-03,83.0/63.0,35
1949-09-07,94.0/66.0,15
1949-09-08,78.0/66.0,8
1949-09-14,61.0/53.0,6
1949-09-15,58.0/50.0,9
1949-09-16,71.0/56.0,14
1949-09-17,86.0/64.0,34
1949-09-18,84.0/70.0,22
1949-09-19,87.0/59.0,13
1949-09-22,84.0/60.0,32
1949-09-23,78.0/55.0,20
1949-09-25,75.0/51.0,29
1949-09-26,81.0/50.0,18
1949-09-27,85.0/58.0,16
1949-09-29,75.0/43.0,18
1949-10-01,75.0/48.0,20
1949-10-02,81.0/49.0,18
1949-10-04,69.0/65.0,3
1949-10-06,86.0/58.0,14
1949-10-08,81.0/69.0,12
1949-10-09,85.0/71.0,21
1949-10-10,75.0/53.0,26
1949-10-11,69.0/51.0,17
1949-10-14,76.0/44.0,17
1949-10-15,77.0/46.0,10
1949-10-16,76.0/49.0,16
1949-10-19,80.0/67.0,14
1949-10-20,81.0/57.0,30
1949-10-21,61.0/46.0,13
1949-10-22,67.0/39.0,18
1949-10-23,56.0/47.0,5
1949-10-24,50.0/42.0,10
1949-10-25,63.0/41.0,17
1949-10-26,68.0/45.0,23
1949-10-27,63.0/44.0,19
1949-10-29,72.0/46.0,13
1949-10-30,53.0/38.0,12
1949-10-31,54.0/30.0,29
1949-11-01,72.0/39.0,13
1949-11-02,62.0/40.0,28
1949-11-03,62.0/35.0,24
1949-11-04,75.0/42.0,13
1949-11-05,64.0/41.0,17
1949-11-06,67.0/40.0,25
1949-11-08,73.0/46.0,22
1949-11-10,79.0/57.0,24
1949-11-11,78.0/52.0,19
1949-11-12,59.0/42.0,10
1949-11-14,68.0/46.0,19
1949-11-15,64.0/40.0,21
1949-11-17,62.0/32.0,16
1949-11-18,62.0/34.0,16
1949-11-19,76.0/43.0,12
1949-11-20,60.0/42.0,16
1949-11-21,45.0/28.0,13
1949-11-23,70.0/36.0,15
1949-11-24,61.0/48.0,6
1949-11-27,74.0/44.0,19
1949-11-30,64.0/38.0,18
1949-12-01,57.0/37.0,22
1949-12-02,59.0/31.0,19
1949-12-03,60.0/46.0,11
1949-12-08,33.0/29.0,10
1949-12-10,63.0/42.0,19
1949-12-11,65.0/30.0,14
1949-12-12,35.0/23.0,8
1949-12-13,45.0/22.0,10
1949-12-14,44.0/20.0,10
1949-12-15,46.0/21.0,10
1949-12-16,51.0/28.0,22
1949-12-17,46.0/38.0,5
1949-12-20,69.0/27.0,1
1949-12-22,33.0/22.0,6
1949-12-23,48.0/25.0,15
1949-12-24,50.0/31.0,20
1949-12-25,47.0/26.0,10
1949-12-26,41.0/20.0,6
1949-12-27,59.0/29.0,14
1949-12-28,56.0/27.0,18
1949-12-30,57.0/41.0,11
1949-12-31,53.0/46.0,6
1950-01-01,56.0/45.0,7
1950-01-02,69.0/56.0,7
1950-01-03,65.0/10.0,1
1950-01-04,17.0/6.0,3
1950-01-05,22.0/10.0,4
1950-01-07,47.0/24.0,12
1950-01-11,52.0/31.0,24
1950-01-12,59.0/45.0,15
1950-01-13,60.0/36.0,22
1950-01-14,60.0/30.0,21
1950-01-16,50.0/23.0,10
1950-01-17,68.0/35.0,20
1950-01-18,35.0/16.0,7
1950-01-19,33.0/19.0,3
1950-01-20,37.0/27.0,12
1950-01-21,53.0/32.0,17
1950-01-23,59.0/39.0,11
1950-01-24,80.0/32.0,1
1950-01-25,32.0/18.0,5
1950-01-26,27.0/12.0,3
1950-01-27,43.0/11.0,2
1950-01-28,65.0/28.0,7
1950-01-29,56.0/12.0,1
1950-01-30,26.0/19.0,5
1950-01-31,24.0/18.0,1
1950-02-01,41.0/17.0,8
1950-02-02,42.0/22.0,8
1950-02-04,50.0/34.0,15
1950-02-05,62.0/41.0,23
1950-02-07,66.0/41.0,19
1950-02-08,49.0/35.0,9
1950-02-10,64.0/36.0,19
1950-02-11,49.0/42.0,5
1950-02-14,41.0/25.0,11
1950-02-15,52.0/25.0,12
1950-02-16,66.0/34.0,17
1950-02-17,68.0/42.0,12
1950-02-18,54.0/33.0,18
1950-02-19,56.0/26.0,16
1950-02-20,65.0/34.0,16
1950-02-21,62.0/28.0,13
1950-02-22,51.0/23.0,11
1950-02-24,64.0/34.0,12
1950-02-25,78.0/37.0,4
1950-02-26,63.0/29.0,10
1950-03-02,38.0/26.0,7
1950-03-03,58.0/30.0,20
1950-03-04,58.0/37.0,24
1950-03-05,73.0/40.0,9
1950-03-07,60.0/34.0,14
1950-03-08,46.0/26.0,8
1950-03-11,65.0/27.0,11
1950-03-13,43.0/14.0,8
1950-03-14,55.0/22.0,9
1950-03-15,69.0/40.0,14
1950-03-17,77.0/40.0,3
1950-03-18,67.0/30.0,6
1950-03-20,57.0/23.0,7
1950-03-23,71.0/47.0,20
1950-03-24,76.0/45.0,15
1950-03-26,72.0/55.0,17
1950-03-27,62.0/44.0,7
1950-03-28,60.0/38.0,18
1950-03-29,61.0/32.0,13
1950-03-30,66.0/37.0,14
1950-03-31,78.0/50.0,28
1950-04-01,69.0/46.0,16
1950-04-03,89.0/38.0,1
1950-04-04,54.0/34.0,14
1950-04-10,80.0/51.0,23
1950-04-12,76.0/42.0,21
1950-04-13,57.0/34.0,19
1950-04-14,60.0/43.0,17
1950-04-15,62.0/48.0,16
1950-04-16,54.0/47.0,7
1950-04-17,64.0/46.0,12
1950-04-19,63.0/40.0,17
1950-04-20,71.0/43.0,13
1950-04-23,83.0/65.0,30
1950-04-24,82.0/54.0,20
1950-04-27,62.0/49.0,8
1950-04-28,80.0/53.0,26
1950-04-30,62.0/39.0,20
1950-05-01,67.0/49.0,19
1950-05-04,81.0/70.0,15
1950-05-06,82.0/49.0,11
1950-05-09,73.0/59.0,15
1950-05-10,62.0/56.0,3
1950-05-11,65.0/56.0,9
1950-05-12,72.0/49.0,18
1950-05-13,75.0/57.0,34
1950-05-14,78.0/54.0,30
1950-05-15,82.0/55.0,21
1950-05-17,85.0/61.0,21
1950-05-19,88.0/68.0,54
1950-05-26,57.0/51.0,2
1950-05-27,71.0/49.0,18
1950-05-28,72.0/56.0,10
1950-05-31,82.0/61.0,36
1950-06-03,72.0/58.0,10
1950-06-06,72.0/59.0,13
1950-06-07,81.0/58.0,20
1950-06-09,88.0/71.0,32
1950-06-10,91.0/66.0,29
1950-06-16,89.0/69.0,45
1950-06-17,89.0/70.0,52
1950-06-20,90.0/62.0,17
1950-06-24,92.0/76.0,7
1950-06-25,92.0/75.0,15
1950-07-01,87.0/64.0,36
1950-07-05,87.0/68.0,62
1950-07-09,81.0/71.0,5
1950-07-10,82.0/69.0,12
1950-07-11,83.0/70.0,14
1950-07-16,90.0/74.0,13
1950-07-19,85.0/67.0,42
1950-07-21,86.0/65.0,49
1950-07-22,79.0/66.0,15
1950-07-25,79.0/67.0,11
1950-07-28,83.0/69.0,23
1950-07-29,82.0/70.0,18
1950-07-31,90.0/71.0,61
1950-08-01,73.0/65.0,4
1950-08-06,85.0/73.0,8
1950-08-10,90.0/67.0,60
1950-08-20,67.0/56.0,4
1950-08-21,81.0/56.0,31
1950-08-22,84.0/66.0,40
1950-08-23,83.0/62.0,22
1950-09-05,77.0/62.0,19
1950-09-14,71.0/60.0,14
1950-09-16,78.0/67.0,13
1950-09-24,84.0/59.0,25
1950-09-25,73.0/57.0,23
1950-09-27,79.0/60.0,29
1950-10-02,79.0/54.0,19
1950-10-03,66.0/50.0,20
1950-10-05,74.0/49.0,17
1950-10-07,77.0/55.0,18
1950-10-08,74.0/50.0,22
1950-10-09,74.0/47.0,24
1950-10-10,80.0/52.0,13
1950-10-11,91.0/54.0,2
1950-10-17,84.0/55.0,15
1950-10-21,80.0/48.0,10
1950-10-23,71.0/41.0,9
1950-10-24,83.0/50.0,11
1950-10-25,78.0/48.0,16
1950-10-26,88.0/59.0,14
1950-10-27,84.0/61.0,27
1950-10-29,88.0/54.0,10
1950-11-01,72.0/53.0,11
1950-11-02,59.0/41.0,19
1950-11-03,47.0/31.0,13
1950-11-04,51.0/26.0,11
1950-11-05,78.0/36.0,4
1950-11-07,70.0/43.0,23
1950-11-09,37.0/28.0,8
1950-11-10,33.0/20.0,8
1950-11-11,48.0/19.0,3
1950-11-14,70.0/55.0,12
1950-11-15,79.0/49.0,13
1950-11-16,55.0/38.0,10
1950-11-19,77.0/35.0,3
1950-11-21,63.0/33.0,19
1950-11-23,51.0/19.0,5
1950-11-24,36.0/15.0,4
1950-11-25,61.0/20.0,2
1950-11-26,50.0/29.0,15
1950-11-27,66.0/33.0,14
1950-11-28,63.0/35.0,14
1950-11-30,65.0/37.0,18
1950-12-01,75.0/36.0,14
1950-12-02,64.0/31.0,14
1950-12-03,48.0/21.0,7
1950-12-05,39.0/10.0,4
1950-12-06,20.0/5.0,2
1950-12-07,24.0/5.0,2
1950-12-08,49.0/14.0,4
1950-12-10,52.0/28.0,18
1950-12-11,65.0/31.0,12
1950-12-12,50.0/33.0,15
1950-12-13,55.0/26.0,12
1950-12-16,52.0/29.0,17
1950-12-18,46.0/25.0,12
1950-12-21,51.0/35.0,8
1950-12-22,59.0/32.0,24
1950-12-23,59.0/36.0,23
1950-12-24,68.0/34.0,18
1950-12-26,52.0/19.0,4
1950-12-27,35.0/17.0,9
1950-12-28,45.0/16.0,3
1951-01-01,53.0/45.0,14
1951-01-03,48.0/27.0,11
1951-01-05,57.0/29.0,21
1951-01-07,46.0/16.0,2
1951-01-08,53.0/22.0,9
1951-01-09,56.0/28.0,12
1951-01-10,49.0/32.0,16
1951-01-11,50.0/24.0,12
1951-01-13,48.0/36.0,5
1951-01-14,47.0/32.0,11
1951-01-18,72.0/38.0,14
1951-01-19,73.0/42.0,13
1951-01-20,59.0/26.0,13
1951-01-21,41.0/19.0,6
1951-01-22,54.0/26.0,10
1951-01-23,52.0/33.0,18
1951-01-26,69.0/30.0,2
1951-01-27,60.0/21.0,2
1951-01-28,22.0/9.0,3
1951-01-29,17.0/3.0,2
1951-01-30,19.0/6.0,3
1951-01-31,14.0/7.0,2
1951-02-01,17.0/-1.0,1
1951-02-02,36.0/3.0,2
1951-02-03,45.0/18.0,4
1951-02-04,59.0/24.0,8
1951-02-06,54.0/31.0,14
1951-02-07,39.0/19.0,5
1951-02-08,61.0/21.0,1
1951-02-10,72.0/33.0,6
1951-02-11,76.0/47.0,17
1951-02-12,70.0/26.0,3
1951-02-13,26.0/16.0,4
1951-02-14,19.0/14.0,3
1951-02-15,25.0/18.0,4
1951-02-17,53.0/31.0,19
1951-02-19,68.0/41.0,16
1951-02-20,50.0/37.0,11
1951-02-21,50.0/35.0,20
1951-02-25,62.0/50.0,8
1951-02-27,69.0/42.0,18
1951-03-02,79.0/56.0,26
1951-03-03,68.0/37.0,22
1951-03-05,76.0/40.0,4
1951-03-06,75.0/44.0,18
1951-03-09,35.0/27.0,8
1951-03-11,41.0/26.0,12
1951-03-13,40.0/21.0,7
1951-03-15,54.0/29.0,9
1951-03-16,77.0/34.0,3
1951-03-19,52.0/24.0,4
1951-03-21,60.0/26.0,11
1951-03-22,85.0/40.0,1
1951-03-27,67.0/46.0,17
1951-03-28,59.0/35.0,16
1951-03-29,49.0/34.0,16
1951-03-30,67.0/32.0,12
1951-03-31,73.0/49.0,15
1951-04-01,54.0/38.0,7
1951-04-02,54.0/35.0,15
1951-04-06,60.0/51.0,7
1951-04-07,56.0/43.0,8
1951-04-08,60.0/37.0,23
1951-04-11,48.0/34.0,13
1951-04-14,81.0/46.0,5
1951-04-15,57.0/43.0,6
1951-04-16,58.0/39.0,13
1951-04-17,71.0/36.0,9
1951-04-20,66.0/55.0,4
1951-04-21,63.0/45.0,18
1951-04-24,85.0/53.0,14
1951-04-25,73.0/54.0,18
1951-04-26,81.0/51.0,12
1951-04-29,75.0/61.0,20
1951-05-04,77.0/54.0,25
1951-05-06,63.0/52.0,6
1951-05-10,68.0/53.0,15
1951-05-11,76.0/48.0,21
1951-05-15,75.0/65.0,7
1951-05-17,68.0/59.0,5
1951-05-21,85.0/60.0,33
1951-05-23,74.0/55.0,18
1951-05-24,68.0/57.0,4
1951-05-25,73.0/56.0,20
1951-05-26,84.0/62.0,30
1951-06-11,73.0/62.0,17
1951-06-12,81.0/63.0,27
1951-06-14,83.0/64.0,27
1951-06-15,86.0/62.0,32
1951-06-18,87.0/70.0,37
1951-06-21,86.0/74.0,4
1951-06-22,87.0/74.0,5
1951-06-25,87.0/73.0,20
1951-06-26,89.0/74.0,15
1951-06-27,90.0/75.0,13
1951-07-01,69.0/57.0,12
1951-07-09,92.0/71.0,74
1951-07-11,91.0/75.0,21
1951-07-13,93.0/72.0,66
1951-07-16,93.0/69.0,39
1951-07-17,94.0/70.0,57
1951-07-19,97.0/75.0,30
1951-07-21,98.0/77.0,9
1951-07-22,96.0/75.0,29
1951-07-28,98.0/74.0,37
1951-08-03,102.0/75.0,19
1951-08-04,101.0/75.0,19
1951-08-06,105.0/77.0,10
1951-08-07,104.0/82.0,1
1951-08-08,100.0/82.0,2
1951-08-09,85.0/72.0,8
1951-08-10,92.0/67.0,42
1951-08-13,99.0/70.0,15
1951-08-17,105.0/74.0,7
1951-08-19,96.0/68.0,27
1951-08-22,77.0/64.0,11
1951-08-28,100.0/80.0,1
1951-08-29,101.0/77.0,19
1951-08-31,102.0/74.0,19
1951-09-01,103.0/76.0,8
1951-09-02,104.0/75.0,9
1951-09-03,102.0/72.0,19
1951-09-04,99.0/75.0,33
1951-09-09,85.0/65.0,39
1951-09-14,83.0/55.0,16
1951-09-15,83.0/48.0,9
1951-09-16,71.0/48.0,22
1951-09-18,79.0/55.0,21
1951-09-20,86.0/59.0,20
1951-09-21,86.0/52.0,5
1951-09-22,72.0/47.0,19
1951-09-23,86.0/53.0,9
1951-09-24,89.0/63.0,29
1951-09-27,74.0/61.0,8
1951-09-28,63.0/55.0,10
1951-09-30,88.0/61.0,26
1951-10-03,96.0/65.0,12
1951-10-04,88.0/64.0,41
1951-10-06,64.0/50.0,11
1951-10-17,67.0/48.0,13
1951-10-21,81.0/53.0,23
1951-10-22,53.0/44.0,5
1951-10-26,70.0/57.0,16
1951-10-29,73.0/50.0,29
1951-10-31,46.0/32.0,12
1951-11-02,31.0/24.0,6
1951-11-06,47.0/20.0,7
1951-11-07,48.0/30.0,17
1951-11-09,61.0/43.0,12
1951-11-12,77.0/58.0,22
1951-11-13,64.0/47.0,12
1951-11-14,64.0/37.0,21
1951-11-17,34.0/24.0,9
1951-11-20,57.0/27.0,12
1951-11-23,37.0/34.0,2
1951-11-24,40.0/33.0,11
1951-11-26,46.0/39.0,6
1951-11-30,66.0/40.0,25
1951-12-02,74.0/56.0,19
1951-12-03,65.0/41.0,13
1951-12-04,57.0/35.0,16
1951-12-05,67.0/36.0,19
1951-12-06,63.0/48.0,8
1951-12-07,51.0/34.0,17
1951-12-09,36.0/21.0,9
1951-12-10,48.0/20.0,10
1951-12-11,54.0/28.0,16
1951-12-13,54.0/39.0,11
1951-12-14,57.0/15.0,1
1951-12-15,26.0/10.0,1
1951-12-16,40.0/12.0,2
1951-12-17,46.0/28.0,18
1951-12-18,38.0/21.0,11
1951-12-20,55.0/10.0,1
1951-12-21,37.0/6.0,2
1951-12-22,58.0/22.0,9
1951-12-24,52.0/20.0,6
1951-12-27,43.0/17.0,5
1951-12-29,76.0/36.0,6
1951-12-30,74.0/52.0,16
1951-12-31,79.0/29.0,1
1952-01-01,29.0/20.0,4
1952-01-02,26.0/20.0,6
1952-01-06,39.0/22.0,10
1952-01-08,59.0/40.0,19
1952-01-09,46.0/30.0,16
1952-01-12,65.0/38.0,10
1952-01-16,71.0/51.0,14
1952-01-20,53.0/39.0,7
1952-01-22,46.0/23.0,12
1952-01-23,37.0/16.0,6
1952-01-24,62.0/24.0,7
1952-01-26,68.0/43.0,17
1952-01-27,43.0/32.0,6
1952-01-28,62.0/29.0,12
1952-02-01,60.0/48.0,7
1952-02-02,56.0/39.0,10
1952-02-03,50.0/40.0,6
1952-02-05,59.0/34.0,16
1952-02-07,70.0/33.0,10
1952-02-10,66.0/38.0,13
1952-02-11,54.0/40.0,15
1952-02-13,61.0/39.0,22
1952-02-14,52.0/39.0,8
1952-02-16,40.0/26.0,5
1952-02-19,58.0/38.0,19
1952-02-23,45.0/38.0,7
1952-02-24,41.0/31.0,10
1952-02-25,33.0/27.0,3
1952-02-26,56.0/24.0,11
1952-02-27,76.0/34.0,2
1952-03-02,68.0/38.0,17
1952-03-04,42.0/18.0,4
1952-03-06,58.0/33.0,22
1952-03-07,61.0/33.0,21
1952-03-09,54.0/46.0,7
1952-03-10,53.0/36.0,17
1952-03-14,58.0/36.0,16
1952-03-15,51.0/33.0,20
1952-03-17,53.0/47.0,5
1952-03-19,78.0/40.0,9
1952-03-20,73.0/43.0,18
1952-03-23,48.0/23.0,9
1952-03-24,56.0/33.0,23
1952-04-03,59.0/48.0,8
1952-04-04,55.0/40.0,14
1952-04-05,70.0/34.0,14
1952-04-07,87.0/45.0,1
1952-04-09,68.0/33.0,15
1952-04-10,55.0/28.0,18
1952-04-11,47.0/37.0,10
1952-04-13,48.0/40.0,6
1952-04-14,63.0/36.0,15
1952-04-15,70.0/42.0,22
1952-04-18,58.0/53.0,7
1952-04-19,70.0/53.0,24
1952-04-22,64.0/48.0,13
1952-04-23,58.0/47.0,3
1952-04-24,58.0/51.0,4
1952-05-01,69.0/58.0,12
1952-05-07,86.0/61.0,31
1952-05-08,88.0/62.0,19
1952-05-13,80.0/54.0,22
1952-05-14,92.0/63.0,20
1952-05-17,63.0/51.0,10
1952-05-18,65.0/50.0,20
1952-05-29,74.0/53.0,20
1952-06-10,91.0/71.0,54
1952-06-13,93.0/74.0,38
1952-06-16,96.0/76.0,23
1952-06-23,95.0/75.0,27
1952-06-26,95.0/77.0,6
1952-06-29,98.0/71.0,29
1952-07-07,97.0/57.0,1
1952-07-14,82.0/71.0,6
1952-07-15,80.0/66.0,12
1952-07-21,93.0/76.0,16
1952-07-24,99.0/72.0,35
1952-07-25,99.0/73.0,28
1952-07-26,100.0/72.0,30
1952-07-29,98.0/73.0,43
1952-08-04,87.0/72.0,18
1952-08-11,99.0/76.0,17
1952-08-13,100.0/71.0,31
1952-08-15,105.0/80.0,4
1952-08-16,106.0/73.0,5
1952-08-17,103.0/78.0,7
1952-08-20,101.0/74.0,27
1952-08-21,102.0/76.0,19
1952-08-22,93.0/75.0,25
1952-08-23,82.0/72.0,9
1952-08-27,91.0/76.0,13
1952-09-04,92.0/61.0,13
1952-09-05,90.0/60.0,8
1952-09-07,94.0/64.0,13
1952-09-08,94.0/65.0,12
1952-09-12,91.0/64.0,27
1952-09-18,99.0/65.0,1
1952-09-24,83.0/54.0,10
1952-09-26,89.0/59.0,20
1952-09-28,89.0/61.0,13
1952-09-29,90.0/61.0,11
1952-10-02,78.0/56.0,20
1952-10-03,87.0/49.0,3
1952-10-05,69.0/47.0,20
1952-10-08,70.0/39.0,13
1952-10-09,74.0/43.0,15
1952-10-11,84.0/45.0,7
1952-10-12,87.0/54.0,10
1952-10-14,70.0/48.0,21
1952-10-15,63.0/39.0,26
1952-10-16,71.0/38.0,15
1952-10-17,81.0/45.0,6
1952-10-19,80.0/46.0,13
1952-10-20,72.0/48.0,16
1952-10-21,53.0/43.0,6
1952-10-26,83.0/49.0,9
1952-11-01,81.0/54.0,23
1952-11-05,71.0/44.0,20
1952-11-06,67.0/45.0,22
1952-11-08,75.0/52.0,24
1952-11-11,62.0/26.0,8
1952-11-12,72.0/36.0,9
1952-11-17,75.0/50.0,18
1952-11-21,63.0/31.0,11
1952-11-22,49.0/41.0,4
1952-11-23,45.0/34.0,5
1952-11-24,46.0/41.0,6
1952-11-26,32.0/23.0,7
1952-11-28,30.0/22.0,7
1952-11-29,39.0/26.0,9
1952-11-30,34.0/21.0,8
1952-12-02,43.0/24.0,14
1952-12-03,44.0/37.0,7
1952-12-04,52.0/36.0,18
1952-12-06,55.0/41.0,6
1952-12-08,69.0/43.0,28
1952-12-11,56.0/31.0,18
1952-12-13,43.0/26.0,17
1952-12-20,39.0/28.0,10
1952-12-21,43.0/28.0,14
1952-12-22,44.0/31.0,8
1952-12-23,44.0/27.0,17
1952-12-25,30.0/17.0,4
1952-12-27,37.0/21.0,11
1952-12-28,50.0/21.0,7
1952-12-30,46.0/31.0,8
1953-01-03,53.0/28.0,23
1953-01-08,59.0/25.0,8
1953-01-10,65.0/26.0,6
1953-01-13,67.0/44.0,20
1953-01-15,64.0/13.0,1
1953-01-16,17.0/9.0,1
1953-01-17,37.0/10.0,2
1953-01-18,50.0/26.0,18
1953-01-20,45.0/32.0,17
1953-01-21,61.0/28.0,14
1953-01-25,74.0/36.0,6
1953-01-27,56.0/38.0,13
1953-01-31,64.0/39.0,11
1953-02-01,65.0/32.0,14
1953-02-04,72.0/41.0,15
1953-02-07,57.0/40.0,20
1953-02-09,53.0/49.0,4
1953-02-11,42.0/30.0,10
1953-02-12,45.0/27.0,12
1953-02-18,62.0/36.0,10
1953-02-20,38.0/24.0,6
1953-03-11,58.0/48.0,7
1953-03-12,71.0/50.0,17
1953-03-14,66.0/48.0,8
1953-03-17,63.0/50.0,7
1953-03-20,84.0/57.0,16
1953-03-21,68.0/54.0,13
1953-03-22,64.0/49.0,12
1953-03-28,71.0/45.0,26
1953-03-29,76.0/52.0,23
1953-04-05,55.0/47.0,4
1953-04-06,51.0/44.0,9
1953-04-09,72.0/50.0,18
1953-04-14,69.0/48.0,22
1953-04-15,59.0/43.0,11
1953-04-17,76.0/30.0,2
1953-04-20,62.0/33.0,20
1953-04-25,67.0/51.0,10
1953-04-28,74.0/59.0,19
1953-05-02,73.0/48.0,29
1953-05-04,59.0/44.0,13
1953-05-05,61.0/47.0,13
1953-05-07,76.0/50.0,22
1953-05-16,65.0/57.0,5
1953-05-18,73.0/55.0,18
1953-06-05,87.0/62.0,32
1953-06-09,94.0/76.0,20
1953-06-16,99.0/77.0,6
1953-06-19,100.0/79.0,4
1953-06-20,105.0/76.0,10
1953-06-25,94.0/79.0,1
1953-07-06,102.0/78.0,6
1953-07-07,98.0/67.0,8
1953-07-11,76.0/63.0,16
1953-07-12,64.0/56.0,6
1953-07-19,74.0/69.0,1
1953-08-11,102.0/66.0,2
1953-08-26,88.0/67.0,52
1953-09-06,87.0/58.0,28
1953-09-07,94.0/61.0,4
1953-09-08,94.0/63.0,9
1953-09-13,90.0/57.0,3
1953-09-14,95.0/61.0,3
1953-09-15,96.0/64.0,7
1953-09-16,95.0/64.0,7
1953-09-20,95.0/62.0,6
1953-09-25,93.0/60.0,4
1953-09-26,96.0/67.0,16
1953-09-28,103.0/63.0,1
1953-10-04,60.0/55.0,7
1953-10-10,85.0/57.0,20
1953-10-11,89.0/55.0,9
1953-10-12,91.0/57.0,4
1953-10-15,72.0/60.0,10
1953-10-21,74.0/62.0,13
1953-10-22,73.0/58.0,13
1953-10-23,62.0/51.0,7
1953-10-24,63.0/46.0,9
1953-10-25,60.0/54.0,2
1953-10-26,57.0/38.0,21
1953-10-28,66.0/43.0,20
1953-10-31,68.0/48.0,24
1953-11-01,70.0/46.0,14
1953-11-06,43.0/36.0,6
1953-11-07,44.0/36.0,6
1953-11-08,40.0/30.0,9
1953-11-13,68.0/40.0,16
1953-11-17,70.0/50.0,23
1953-11-20,45.0/35.0,11
1953-11-22,49.0/27.0,13
1953-11-24,58.0/40.0,17
1953-12-01,60.0/45.0,9
1953-12-06,56.0/32.0,18
1953-12-07,61.0/35.0,16
1953-12-12,44.0/26.0,12
1953-12-13,51.0/32.0,17
1953-12-17,48.0/29.0,13
1953-12-20,45.0/41.0,5
1953-12-21,47.0/25.0,12
1953-12-22,26.0/14.0,6
1953-12-23,32.0/11.0,3
1953-12-24,40.0/16.0,5
1953-12-28,44.0/24.0,12
1953-12-30,43.0/22.0,9
1954-01-02,58.0/35.0,17
1954-01-03,58.0/31.0,19
1954-01-04,59.0/38.0,21
1954-01-05,64.0/32.0,25
1954-01-10,26.0/15.0,6
1954-01-11,42.0/16.0,3
1954-01-16,41.0/18.0,7
1954-01-17,31.0/11.0,1
1954-01-20,61.0/12.0,1
1954-01-21,13.0/3.0,3
1954-01-22,29.0/6.0,1
1954-01-23,40.0/20.0,8
1954-01-25,69.0/29.0,5
1954-01-26,33.0/16.0,2
1954-01-27,53.0/20.0,5
1954-01-28,55.0/29.0,18
1954-02-02,67.0/34.0,13
1954-02-06,47.0/30.0,14
1954-02-08,72.0/30.0,3
1954-02-09,80.0/47.0,12
1954-02-12,54.0/23.0,10
1954-02-24,76.0/38.0,5
1954-02-27,68.0/30.0,6
1954-02-28,49.0/28.0,13
1954-03-03,36.0/16.0,4
1954-03-09,77.0/41.0,10
1954-03-11,81.0/52.0,27
1954-03-13,36.0/26.0,5
1954-03-15,54.0/27.0,13
1954-03-20,51.0/38.0,8
1954-03-22,69.0/50.0,17
1954-03-26,54.0/41.0,10
1954-03-27,72.0/43.0,16
1954-03-29,62.0/30.0,16
1954-03-31,49.0/31.0,12
1954-04-01,61.0/31.0,16
1954-04-03,84.0/47.0,1
1954-04-07,75.0/55.0,16
1954-04-10,82.0/60.0,16
1954-04-11,65.0/51.0,8
1954-04-12,56.0/49.0,8
1954-04-13,63.0/49.0,11
1954-04-22,65.0/54.0,4
1954-05-07,68.0/50.0,29
1954-05-11,54.0/49.0,6
1954-05-17,69.0/61.0,5
1954-05-20,66.0/53.0,6
1954-06-02,79.0/61.0,18
1954-06-04,78.0/47.0,7
1954-07-02,98.0/72.0,35
1954-07-05,98.0/69.0,14
1954-07-07,103.0/75.0,13
1954-07-09,101.0/73.0,20
1954-07-11,105.0/73.0,6
1954-07-12,107.0/78.0,1
1954-07-13,106.0/77.0,4
1954-07-14,107.0/77.0,3
1954-07-16,103.0/74.0,15
1954-07-18,105.0/75.0,15
1954-07-19,103.0/79.0,5
1954-07-20,102.0/73.0,18
1954-07-22,102.0/77.0,11
1954-07-23,103.0/77.0,5
1954-07-24,100.0/74.0,32
1954-07-26,95.0/78.0,5
1954-08-04,100.0/76.0,14
1954-08-05,101.0/79.0,8
1954-08-10,101.0/68.0,5
1954-08-11,103.0/71.0,13
1954-08-13,101.0/69.0,5
1954-08-15,101.0/81.0,1
1954-08-16,102.0/80.0,5
1954-08-18,100.0/77.0,11
1954-08-19,99.0/80.0,2
1954-08-30,103.0/70.0,3
1954-09-02,100.0/70.0,21
1954-09-03,102.0/68.0,2
1954-09-08,95.0/65.0,10
1954-09-11,89.0/56.0,4
1954-09-13,95.0/56.0,1
1954-09-15,97.0/68.0,20
1954-09-16,97.0/67.0,14
1954-09-17,93.0/67.0,26
1954-09-25,93.0/59.0,6
1954-10-01,73.0/68.0,2
1954-10-16,75.0/39.0,8
1954-10-17,82.0/48.0,11
1954-10-18,84.0/48.0,7
1954-10-19,79.0/53.0,17
1954-10-27,53.0/37.0,8
1954-10-28,69.0/38.0,20
1954-11-03,40.0/34.0,14
1954-11-04,55.0/35.0,18
1954-11-06,81.0/43.0,5
1954-11-07,80.0/43.0,11
1954-11-10,74.0/40.0,9
1954-11-14,71.0/46.0,16
1954-11-18,65.0/43.0,14
1954-11-19,68.0/39.0,17
1954-11-20,69.0/35.0,14
1954-12-04,75.0/38.0,7
1954-12-07,45.0/31.0,7
1954-12-12,36.0/24.0,6
1954-12-15,58.0/27.0,16
1954-12-19,56.0/29.0,15
1954-12-20,66.0/32.0,14
1954-12-22,66.0/31.0,9
1954-12-27,43.0/29.0,6
1954-12-28,31.0/25.0,8
1954-12-30,37.0/11.0,5
1954-12-31,43.0/25.0,8
1955-01-03,67.0/50.0,17
1955-01-04,68.0/60.0,7
1955-01-08,48.0/32.0,17
1955-01-11,41.0/22.0,8
1955-01-13,39.0/18.0,4
1955-01-17,49.0/43.0,5
1955-01-19,28.0/22.0,5
1955-01-22,39.0/25.0,7
1955-01-23,44.0/22.0,10
1955-01-27,44.0/17.0,3
1955-01-29,57.0/20.0,4
1955-02-02,42.0/31.0,9
1955-02-03,44.0/32.0,10
1955-02-05,44.0/30.0,7
1955-02-06,42.0/27.0,9
1955-02-10,45.0/13.0,2
1955-02-12,38.0/16.0,8
1955-02-14,65.0/29.0,11
1955-02-15,67.0/38.0,15
1955-02-19,33.0/23.0,5
1955-02-20,36.0/17.0,6
1955-02-23,52.0/26.0,20
1955-02-25,61.0/27.0,17
1955-02-26,72.0/31.0,6
1955-02-27,60.0/25.0,9
1955-03-01,71.0/32.0,5
1955-03-02,79.0/42.0,6
1955-03-06,46.0/27.0,12
1955-03-07,57.0/24.0,10
1955-03-10,89.0/51.0,3
1955-03-13,78.0/41.0,6
1955-03-17,53.0/40.0,13
1955-03-20,69.0/28.0,7
1955-03-21,29.0/18.0,2
1955-03-22,50.0/13.0,4
1955-03-26,34.0/13.0,4
1955-03-28,55.0/25.0,12
1955-04-06,55.0/42.0,10
1955-04-13,59.0/46.0,10
1955-04-14,78.0/42.0,9
1955-04-21,87.0/53.0,10
1955-04-22,95.0/53.0,2
1955-04-28,76.0/54.0,21
1955-05-04,93.0/58.0,5
1955-05-07,93.0/62.0,10
1955-05-10,75.0/60.0,27
1955-05-11,70.0/62.0,6
1955-05-18,70.0/60.0,8
1955-05-20,66.0/60.0,2
1955-05-28,76.0/57.0,12
1955-06-09,64.0/55.0,8
1955-08-28,88.0/73.0,17
1955-09-08,95.0/63.0,6
1955-09-11,79.0/62.0,21
1955-09-26,69.0/55.0,14
1955-09-30,74.0/64.0,9
1955-10-02,74.0/63.0,5
1955-10-03,67.0/62.0,2
1955-10-04,77.0/67.0,7
1955-10-07,68.0/47.0,19
1955-10-13,73.0/44.0,21
1955-10-15,78.0/45.0,16
1955-10-19,81.0/48.0,14
1955-10-21,72.0/51.0,16
1955-10-23,75.0/40.0,11
1955-10-29,63.0/38.0,23
1955-10-31,77.0/43.0,11
1955-11-03,54.0/24.0,5
1955-11-06,56.0/37.0,14
1955-11-08,49.0/23.0,13
1955-11-09,62.0/25.0,6
1955-11-10,69.0/34.0,19
1955-11-14,72.0/34.0,7
1955-11-15,77.0/26.0,1
1955-11-16,33.0/15.0,3
1955-11-17,46.0/19.0,12
1955-11-20,70.0/38.0,12
1955-11-26,64.0/30.0,18
1955-11-29,37.0/15.0,3
1955-11-30,38.0/19.0,5
1955-12-04,40.0/22.0,7
1955-12-09,36.0/12.0,3
1955-12-15,32.0/15.0,6
1955-12-16,48.0/14.0,1
1955-12-18,43.0/16.0,4
1955-12-19,34.0/15.0,7
1955-12-20,46.0/18.0,4
1955-12-21,48.0/31.0,17
1955-12-31,51.0/21.0,11
1956-01-06,59.0/33.0,26
1956-01-12,44.0/18.0,3
1956-01-13,53.0/18.0,4
1956-01-15,41.0/23.0,9
1956-01-16,29.0/15.0,4
1956-01-17,27.0/21.0,4
1956-01-19,41.0/10.0,1
1956-01-20,43.0/27.0,15
1956-01-22,33.0/30.0,5
1956-01-23,35.0/28.0,7
1956-01-24,38.0/31.0,9
1956-01-31,43.0/21.0,7
1956-02-01,38.0/18.0,7
1956-02-02,22.0/12.0,4
1956-02-03,25.0/17.0,2
1956-02-04,27.0/22.0,1
1956-02-05,32.0/25.0,8
1956-02-09,36.0/30.0,5
1956-02-24,81.0/40.0,3
1956-02-29,70.0/37.0,14
1956-03-02,73.0/35.0,7
1956-03-04,78.0/35.0,3
1956-03-06,80.0/37.0,4
1956-03-08,64.0/27.0,8
1956-03-10,78.0/38.0,7
1956-03-13,36.0/27.0,5
1956-03-14,47.0/27.0,7
1956-03-20,55.0/33.0,15
1956-03-21,45.0/37.0,7
1956-03-22,50.0/36.0,15
1956-03-23,71.0/40.0,23
1956-03-25,85.0/42.0,1
1956-03-30,77.0/36.0,4
1956-04-01,78.0/65.0,12
1956-04-08,74.0/39.0,10
1956-04-10,51.0/37.0,11
1956-04-12,79.0/43.0,9
1956-04-13,86.0/48.0,4
1956-04-23,76.0/41.0,9
1956-04-24,65.0/40.0,20
1956-04-28,80.0/44.0,5
1956-05-01,67.0/57.0,6
1956-05-02,63.0/56.0,6
1956-05-03,79.0/50.0,20
1956-05-13,92.0/64.0,16
1956-05-16,85.0/51.0,9
1956-05-18,95.0/59.0,1
1956-05-24,68.0/61.0,5
1956-05-25,70.0/63.0,4
1956-05-28,86.0/68.0,37
1956-07-14,97.0/78.0,4
1956-07-15,99.0/79.0,4
1956-07-24,93.0/66.0,28
1956-08-04,101.0/71.0,20
1956-08-05,104.0/71.0,5
1956-08-06,106.0/72.0,1
1956-08-13,104.0/74.0,7
1956-08-14,106.0/78.0,4
1956-08-15,107.0/75.0,6
1956-08-17,105.0/79.0,1
1956-08-20,78.0/57.0,29
1956-08-21,83.0/51.0,12
1956-08-22,93.0/56.0,3
1956-08-23,100.0/63.0,1
1956-08-24,100.0/66.0,2
1956-08-28,100.0/69.0,5
1956-08-29,97.0/66.0,6
1956-09-01,89.0/53.0,4
1956-09-02,96.0/58.0,2
1956-09-05,96.0/63.0,5
1956-09-10,94.0/55.0,3
1956-09-11,97.0/61.0,3
1956-09-18,96.0/60.0,3
1956-09-20,92.0/57.0,6
1956-09-26,87.0/55.0,9
1956-09-27,91.0/60.0,15
1956-09-28,91.0/59.0,7
1956-10-04,91.0/56.0,4
1956-10-08,92.0/53.0,4
1956-10-10,86.0/55.0,6
1956-10-18,67.0/54.0,9
1956-10-19,70.0/56.0,15
1956-10-23,78.0/51.0,21
1956-10-29,76.0/59.0,25
1956-11-04,47.0/42.0,9
1956-11-07,57.0/39.0,18
1956-11-11,77.0/45.0,18
1956-11-13,74.0/41.0,4
1956-11-15,51.0/31.0,15
1956-11-29,49.0/17.0,4
1956-12-07,30.0/24.0,5
1956-12-08,30.0/19.0,6
1956-12-09,35.0/18.0,3
1956-12-11,46.0/33.0,5
1956-12-14,48.0/28.0,18
1956-12-16,57.0/30.0,11
1956-12-18,33.0/21.0,7
1956-12-20,45.0/36.0,7
1956-12-25,52.0/30.0,22
1957-01-04,46.0/36.0,6
1957-01-05,39.0/33.0,12
1957-01-09,50.0/16.0,4
1957-01-13,38.0/22.0,12
1957-01-14,23.0/16.0,1
1957-01-15,26.0/18.0,5
1957-01-20,63.0/37.0,20
1957-01-22,55.0/18.0,3
1957-01-23,29.0/16.0,4
1957-01-24,48.0/26.0,5
1957-01-25,26.0/12.0,5
1957-01-27,24.0/16.0,2
1957-01-28,36.0/23.0,15
1957-01-29,35.0/22.0,5
1957-02-01,40.0/29.0,17
1957-02-02,50.0/28.0,17
1957-02-04,41.0/33.0,13
1957-02-05,41.0/35.0,9
1957-02-06,48.0/38.0,5
1957-02-08,71.0/53.0,22
1957-02-18,47.0/41.0,6
1957-02-19,43.0/38.0,6
1957-02-20,48.0/37.0,9
1957-02-23,32.0/21.0,5
1957-02-24,52.0/32.0,11
1957-03-04,48.0/42.0,4
1957-03-05,50.0/38.0,12
1957-03-06,38.0/28.0,7
1957-03-07,33.0/24.0,5
1957-03-17,59.0/47.0,4
1957-03-21,47.0/43.0,6
1957-03-26,49.0/29.0,9
1957-03-27,48.0/35.0,10
1957-04-01,61.0/49.0,8
1957-04-07,61.0/36.0,15
1957-04-13,43.0/20.0,7
1957-04-16,64.0/54.0,5
1957-04-26,67.0/59.0,4
1957-04-27,68.0/55.0,12
1957-04-28,66.0/57.0,3
1957-04-29,63.0/57.0,4
1957-05-08,68.0/52.0,16
1957-05-09,79.0/58.0,20
1957-05-17,66.0/59.0,9
1957-05-24,71.0/59.0,12
1957-05-31,75.0/62.0,10
1957-06-02,62.0/55.0,8
1957-06-03,65.0/58.0,5
1957-07-06,97.0/63.0,1
1957-08-12,100.0/73.0,22
1957-08-26,98.0/70.0,30
1957-09-06,84.0/63.0,28
1957-09-20,88.0/56.0,16
1957-10-06,77.0/60.0,27
1957-10-10,60.0/49.0,4
1957-10-13,60.0/52.0,3
1957-10-19,64.0/43.0,15
1957-10-24,52.0/43.0,5
1957-11-03,54.0/43.0,8
1957-11-04,48.0/45.0,2
1957-11-05,45.0/42.0,1
1957-11-06,50.0/43.0,8
1957-11-12,47.0/40.0,7
1957-11-13,55.0/46.0,6
1957-11-17,49.0/38.0,9
1957-11-22,38.0/29.0,4
1957-12-03,54.0/37.0,17
1957-12-08,46.0/29.0,15
1957-12-12,50.0/22.0,7
1957-12-17,56.0/41.0,10
1957-12-30,47.0/36.0,10
1957-12-31,42.0/26.0,10
1958-01-02,53.0/27.0,15
1958-01-05,47.0/33.0,9
1958-01-07,35.0/19.0,7
1958-01-09,63.0/30.0,10
1958-01-12,52.0/42.0,8
1958-01-18,53.0/26.0,17
1958-01-22,45.0/24.0,8
1958-02-02,42.0/24.0,8
1958-02-03,45.0/19.0,3
1958-02-06,37.0/25.0,5
1958-02-09,28.0/21.0,4
1958-02-10,24.0/19.0,2
1958-02-11,27.0/20.0,4
1958-02-12,25.0/12.0,5
1958-02-13,35.0/12.0,3
1958-02-14,35.0/24.0,6
1958-02-15,25.0/15.0,3
1958-02-18,40.0/25.0,9
1958-02-20,43.0/33.0,12
1958-03-08,42.0/32.0,8
1958-03-09,41.0/34.0,7
1958-03-10,42.0/35.0,8
1958-03-12,34.0/29.0,6
1958-03-14,44.0/23.0,7
1958-03-17,34.0/28.0,6
1958-03-20,56.0/34.0,14
1958-03-27,55.0/37.0,14
1958-03-30,47.0/38.0,9
1958-04-10,45.0/40.0,7
1958-04-13,49.0/45.0,4
1958-04-15,69.0/39.0,15
1958-04-26,71.0/52.0,12
1958-04-27,72.0/54.0,11
1958-04-29,58.0/46.0,7
1958-05-05,69.0/52.0,18
1958-05-09,63.0/54.0,7
1958-05-14,71.0/62.0,7
1958-06-12,94.0/78.0,5
1958-06-22,79.0/59.0,18
1958-06-25,74.0/54.0,21
1958-07-05,77.0/66.0,10
1958-07-06,73.0/66.0,5
1958-08-17,78.0/68.0,4
1958-08-20,78.0/72.0,3
1958-08-28,98.0/66.0,5
1958-09-15,75.0/66.0,5
1958-10-02,61.0/42.0,19
1958-10-14,74.0/58.0,10
1958-10-23,82.0/46.0,9
1958-11-03,75.0/37.0,5
1958-11-09,73.0/45.0,19
1958-11-14,71.0/55.0,12
1958-11-17,74.0/32.0,3
1958-11-21,69.0/33.0,12
1958-11-27,33.0/28.0,5
1958-12-08,45.0/21.0,4
1958-12-09,24.0/17.0,5
1958-12-10,34.0/22.0,6
1958-12-11,53.0/24.0,12
1958-12-12,33.0/12.0,3
1958-12-14,22.0/6.0,2
1958-12-15,42.0/9.0,2
1958-12-16,57.0/25.0,11
1958-12-20,50.0/25.0,9
1958-12-25,52.0/27.0,12
1959-01-01,40.0/8.0,1
1959-01-02,35.0/11.0,3
1959-01-03,11.0/1.0,1
1959-01-04,11.0/-4.0,1
1959-01-05,27.0/-2.0,1
1959-01-16,40.0/17.0,6
1959-01-18,59.0/27.0,8
1959-01-21,19.0/10.0,2
1959-01-22,38.0/9.0,2
1959-01-23,49.0/18.0,5
1959-01-25,70.0/32.0,11
1959-01-28,53.0/34.0,28
1959-02-02,23.0/15.0,1
1959-02-03,39.0/21.0,7
1959-02-04,53.0/21.0,5
1959-02-06,48.0/18.0,3
1959-02-10,55.0/24.0,4
1959-02-11,51.0/20.0,8
1959-02-13,64.0/45.0,13
1959-02-21,46.0/24.0,14
1959-03-05,40.0/28.0,7
1959-03-09,72.0/32.0,4
1959-03-11,53.0/35.0,11
1959-03-12,63.0/28.0,6
1959-03-14,79.0/37.0,8
1959-03-18,74.0/38.0,9
1959-03-22,65.0/25.0,3
1959-03-23,76.0/39.0,8
1959-03-28,44.0/39.0,8
1959-03-31,83.0/53.0,16
1959-04-01,65.0/48.0,14
1959-04-02,85.0/47.0,3
1959-04-04,73.0/37.0,9
1959-04-05,87.0/50.0,3
1959-04-12,46.0/34.0,8
1959-04-17,81.0/55.0,18
1959-04-21,45.0/39.0,4
1959-04-28,75.0/54.0,17
1959-05-05,73.0/61.0,8
1959-05-15,64.0/51.0,10
1959-05-26,76.0/58.0,17
1959-06-01,69.0/63.0,7
1959-06-04,70.0/61.0,4
1959-06-27,88.0/74.0,16
1959-07-26,75.0/68.0,6
1959-08-18,80.0/72.0,2
1959-09-01,96.0/66.0,8
1959-09-30,57.0/46.0,4
1959-10-03,56.0/50.0,9
1959-10-17,58.0/41.0,10
1959-10-25,83.0/45.0,5
1959-11-08,60.0/29.0,11
1959-11-13,54.0/22.0,4
1959-11-14,30.0/15.0,8
1959-11-15,42.0/19.0,3
1959-11-16,38.0/17.0,4
1959-11-24,60.0/41.0,10
1959-11-28,35.0/20.0,6
1959-11-29,46.0/20.0,10
1959-12-07,69.0/31.0,6
1960-01-02,41.0/29.0,5
1960-01-17,31.0/22.0,2
1960-01-20,40.0/15.0,3
1960-01-24,48.0/22.0,6
1960-01-30,60.0/27.0,7
1960-02-11,39.0/23.0,9
1960-02-12,37.0/23.0,9
1960-02-14,43.0/23.0,9
1960-02-23,31.0/15.0,3
1960-02-25,27.0/10.0,2
1960-02-27,31.0/23.0,3
1960-02-28,24.0/12.0,4
1960-02-29,22.0/13.0,1
1960-03-01,28.0/18.0,3
1960-03-02,27.0/11.0,6
1960-03-03,18.0/3.0,2
1960-03-05,25.0/10.0,3
1960-03-07,35.0/26.0,9
1960-03-08,36.0/32.0,9
1960-03-09,57.0/32.0,13
1960-03-10,38.0/33.0,7
1960-03-14,40.0/35.0,9
1960-03-23,66.0/28.0,13
1960-04-06,92.0/52.0,2
1960-04-09,74.0/42.0,10
1960-04-10,79.0/40.0,4
1960-04-11,73.0/60.0,17
1960-04-13,67.0/61.0,3
1960-04-17,61.0/44.0,10
1960-04-23,78.0/64.0,17
1960-05-13,77.0/47.0,13
1960-05-17,78.0/61.0,25
1960-05-20,67.0/52.0,8
1960-07-06,74.0/67.0,2
1960-07-07,76.0/67.0,9
1960-07-13,84.0/73.0,4
1960-09-09,77.0/65.0,13
1960-09-13,89.0/54.0,6
1960-09-14,94.0/58.0,2
1960-10-25,66.0/61.0,4
1960-12-10,33.0/31.0,4
1960-12-13,34.0/20.0,11
1960-12-28,35.0/32.0,6
1960-12-29,44.0/29.0,13
1961-01-01,50.0/27.0,7
1961-01-07,49.0/33.0,14
1961-01-16,62.0/27.0,10
1961-01-21,38.0/8.0,3
1961-01-23,63.0/24.0,3
1961-01-24,44.0/12.0,1
1961-01-26,28.0/14.0,6
1961-01-28,34.0/12.0,4
1961-02-01,50.0/39.0,11
1961-02-03,37.0/18.0,8
1961-02-06,30.0/27.0,2
1961-02-15,69.0/41.0,14
1961-02-17,73.0/34.0,6
1961-02-21,40.0/37.0,4
1961-02-23,52.0/37.0,12
1961-03-25,56.0/51.0,4
1961-03-29,44.0/40.0,6
1961-03-30,42.0/40.0,1
1961-04-18,81.0/41.0,2
1961-04-23,77.0/68.0,5
1961-04-29,81.0/44.0,9
1961-05-29,91.0/58.0,8
1961-06-22,98.0/62.0,2
1961-09-04,66.0/56.0,7
1961-09-12,73.0/72.0,1
1961-09-14,63.0/47.0,12
1961-10-09,73.0/64.0,4
1961-10-28,76.0/65.0,7
1961-10-31,60.0/53.0,3
1961-11-09,61.0/37.0,17
1961-11-21,51.0/45.0,6
1961-11-28,38.0/32.0,11
1961-12-02,52.0/41.0,5
1961-12-10,28.0/20.0,5
1961-12-11,21.0/12.0,2
1961-12-12,21.0/7.0,1
1961-12-13,30.0/10.0,1
1961-12-17,38.0/35.0,2
1961-12-24,45.0/23.0,15
1961-12-28,38.0/23.0,7
1962-01-04,58.0/45.0,8
1962-01-05,45.0/20.0,6
1962-01-07,44.0/35.0,8
1962-01-09,18.0/7.0,2
1962-01-10,13.0/2.0,3
1962-01-11,24.0/-1.0,1
1962-01-12,42.0/12.0,2
1962-01-13,47.0/23.0,7
1962-01-19,12.0/4.0,1
1962-01-20,26.0/2.0,2
1962-01-21,37.0/12.0,3
1962-01-22,16.0/9.0,2
1962-02-02,71.0/34.0,12
1962-02-05,53.0/25.0,10
1962-02-11,82.0/42.0,5
1962-02-16,64.0/29.0,12
1962-02-17,56.0/44.0,8
1962-02-28,24.0/7.0,1
1962-03-01,35.0/10.0,3
1962-03-06,52.0/22.0,10
1962-03-27,80.0/42.0,6
1962-04-05,56.0/46.0,8
1962-04-08,57.0/47.0,7
1962-04-17,71.0/54.0,9
1962-04-23,65.0/52.0,4
1962-05-04,85.0/55.0,12
1962-05-28,77.0/63.0,12
1962-06-01,71.0/61.0,9
1962-07-14,99.0/78.0,9
1962-07-23,85.0/74.0,5
1962-08-05,104.0/78.0,6
1962-08-06,104.0/80.0,1
1962-08-09,104.0/77.0,8
1962-08-11,106.0/75.0,8
1962-08-21,99.0/69.0,15
1962-09-05,64.0/57.0,9
1962-09-06,72.0/62.0,9
1962-09-07,66.0/63.0,1
1962-10-02,66.0/51.0,11
1962-10-16,72.0/57.0,17
1962-10-27,79.0/51.0,19
1962-10-28,64.0/52.0,9
1962-11-26,53.0/50.0,2
1962-11-28,52.0/48.0,2
1962-12-02,57.0/53.0,1
1962-12-11,35.0/15.0,3
1962-12-24,33.0/26.0,5
1962-12-25,36.0/20.0,11
1962-12-26,32.0/14.0,1
1963-01-06,51.0/25.0,10
1963-01-11,16.0/4.0,3
1963-01-12,11.0/-3.0,1
1963-01-13,29.0/-1.0,1
1963-01-15,44.0/10.0,1
1963-01-16,50.0/15.0,1
1963-01-18,42.0/13.0,3
1963-01-21,54.0/17.0,5
1963-01-22,51.0/7.0,2
1963-01-23,13.0/-1.0,2
1963-01-24,28.0/-1.0,1
1963-01-26,30.0/8.0,1
1963-01-27,26.0/3.0,1
1963-01-28,35.0/8.0,3
1963-02-03,51.0/13.0,2
1963-02-11,28.0/15.0,5
1963-02-18,58.0/24.0,8
1963-02-20,73.0/27.0,2
1963-02-22,55.0/11.0,1
1963-02-24,67.0/26.0,2
1963-02-25,58.0/34.0,11
1963-02-26,54.0/21.0,8
1963-03-07,63.0/27.0,7
1963-03-13,43.0/35.0,6
1963-03-18,86.0/51.0,4
1963-03-27,83.0/44.0,5
1963-04-02,73.0/63.0,8
1963-04-05,51.0/47.0,4
1963-04-11,59.0/50.0,4
1963-04-14,87.0/51.0,1
1963-04-20,88.0/48.0,1
1963-04-26,62.0/59.0,2
1963-05-29,89.0/60.0,11
1963-05-30,74.0/66.0,5
1963-07-20,101.0/76.0,10
1963-08-06,101.0/72.0,16
1963-08-19,79.0/65.0,19
1963-08-20,90.0/58.0,5
1963-08-21,94.0/60.0,5
1963-08-22,98.0/64.0,1
1963-08-25,91.0/77.0,6
1963-09-30,79.0/45.0,14
1963-10-01,85.0/48.0,3
1963-10-02,91.0/53.0,3
1963-10-04,95.0/58.0,1
1963-10-18,85.0/56.0,15
1963-12-05,67.0/37.0,29
1963-12-09,48.0/24.0,7
1963-12-12,30.0/14.0,5
1963-12-13,28.0/16.0,4
1963-12-14,28.0/11.0,4
1963-12-23,35.0/5.0,1
1964-01-12,20.0/12.0,3
1964-01-13,28.0/6.0,1
1964-01-14,41.0/9.0,1
1964-01-15,43.0/15.0,1
1964-01-18,67.0/24.0,2
1964-02-22,51.0/18.0,8
1964-02-24,57.0/22.0,3
1964-03-03,73.0/39.0,11
1964-03-10,64.0/25.0,5
1964-03-20,35.0/31.0,3
1964-03-24,70.0/31.0,7
1964-03-26,50.0/18.0,3
1964-03-31,80.0/33.0,1
1964-04-06,82.0/45.0,4
1964-04-12,92.0/48.0,1
1964-04-28,74.0/51.0,14
1964-05-07,79.0/70.0,4
1964-06-13,84.0/71.0,11
1964-06-22,97.0/77.0,8
1964-07-04,99.0/68.0,11
1964-07-07,103.0/73.0,20
1964-07-14,99.0/62.0,1
1964-07-25,104.0/76.0,9
1964-07-28,104.0/72.0,7
1964-08-05,106.0/76.0,5
1964-08-10,105.0/78.0,5
1964-09-22,75.0/67.0,7
1964-10-21,84.0/44.0,2
1964-11-05,58.0/55.0,2
1964-11-16,49.0/44.0,5
1964-11-18,46.0/35.0,7
1964-12-16,59.0/21.0,3
1964-12-17,21.0/8.0,3
1964-12-18,25.0/5.0,1
1965-01-04,49.0/30.0,20
1965-01-10,36.0/13.0,2
1965-01-11,42.0/17.0,6
1965-01-15,50.0/20.0,4
1965-01-17,49.0/16.0,5
1965-01-27,53.0/23.0,5
1965-01-29,45.0/17.0,3
1965-02-01,39.0/16.0,7
1965-02-02,39.0/11.0,3
1965-02-06,55.0/45.0,6
1965-02-23,52.0/11.0,2
1965-02-24,28.0/7.0,2
1965-02-25,52.0/21.0,3
1965-02-26,70.0/30.0,5
1965-03-04,43.0/19.0,8
1965-03-21,55.0/21.0,5
1965-03-23,63.0/26.0,9
1965-03-27,64.0/28.0,8
1965-03-29,53.0/42.0,7
1965-04-12,68.0/49.0,9
1965-05-10,67.0/58.0,8
1965-05-24,80.0/71.0,7
1965-05-25,84.0/72.0,8
1965-09-17,84.0/51.0,9
1965-10-09,96.0/56.0,1
1965-11-05,63.0/59.0,2
1965-11-11,61.0/51.0,7
1965-11-20,61.0/56.0,3
1965-12-02,51.0/42.0,7
1965-12-04,73.0/36.0,8
1965-12-21,68.0/28.0,5
1966-01-25,32.0/28.0,3
1966-01-26,32.0/19.0,2
1966-01-28,23.0/10.0,2
1966-01-29,13.0/5.0,1
1966-01-30,22.0/2.0,1
1966-02-01,32.0/20.0,4
1966-02-02,32.0/13.0,4
1966-02-09,58.0/44.0,13
1966-02-26,49.0/39.0,6
1966-03-19,75.0/41.0,9
1966-03-27,75.0/35.0,6
1966-03-30,77.0/37.0,2
1966-03-31,88.0/50.0,4
1966-04-02,79.0/38.0,3
1966-04-06,74.0/33.0,2
1966-04-10,78.0/43.0,7
1966-04-19,88.0/43.0,2
1966-04-25,67.0/55.0,8
1966-04-28,57.0/49.0,3
1966-05-12,60.0/47.0,9
1966-05-29,92.0/58.0,8
1966-05-30,94.0/62.0,5
1966-06-14,93.0/63.0,6
1966-06-15,98.0/63.0,1
1966-06-29,97.0/64.0,5
1966-07-02,100.0/68.0,10
1966-07-12,104.0/73.0,10
1966-07-19,108.0/79.0,2
1966-07-21,85.0/75.0,3
1966-07-24,88.0/75.0,6
1966-08-22,77.0/69.0,9
1966-09-27,70.0/59.0,11
1966-10-04,69.0/54.0,10
1966-10-25,77.0/42.0,6
1966-10-28,84.0/46.0,4
1966-11-06,77.0/44.0,9
1966-11-20,77.0/38.0,7
1966-12-02,30.0/25.0,3
1966-12-07,80.0/38.0,2
1966-12-09,39.0/31.0,9
1966-12-11,38.0/12.0,4
1966-12-24,50.0/10.0,1
1966-12-27,36.0/22.0,9
1966-12-28,29.0/17.0,2
1967-01-05,63.0/25.0,3
1967-01-06,66.0/24.0,2
1967-01-09,49.0/15.0,4
1967-01-11,60.0/20.0,1
1967-01-27,47.0/22.0,13
1967-02-10,66.0/30.0,5
1967-02-12,64.0/26.0,5
1967-02-21,53.0/19.0,4
1967-02-24,44.0/21.0,3
1967-02-28,71.0/30.0,4
1967-03-07,50.0/14.0,1
1967-03-09,72.0/26.0,1
1967-03-11,93.0/52.0,2
1967-03-13,90.0/56.0,1
1967-04-20,71.0/64.0,2
1967-04-28,61.0/52.0,4
1967-05-01,65.0/49.0,8
1967-05-05,69.0/60.0,3
1967-05-16,84.0/49.0,4
1967-05-18,94.0/59.0,2
1967-05-24,88.0/58.0,7
1967-06-01,72.0/65.0,4
1967-06-09,89.0/73.0,19
1967-07-10,102.0/71.0,9
1967-07-16,74.0/65.0,3
1967-07-26,90.0/78.0,1
1967-08-04,78.0/73.0,1
1967-08-28,95.0/57.0,1
1967-09-02,68.0/58.0,4
1967-09-04,68.0/64.0,3
1967-09-13,80.0/70.0,6
1967-10-16,64.0/44.0,10
1967-10-19,81.0/42.0,3
1967-11-29,42.0/37.0,2
1967-11-30,46.0/42.0,2
1967-12-03,57.0/19.0,1
1967-12-21,56.0/23.0,7
1967-12-23,59.0/22.0,3
1967-12-25,42.0/20.0,9
1967-12-28,38.0/20.0,4
1968-01-01,37.0/19.0,7
1968-01-03,23.0/17.0,1
1968-01-04,34.0/18.0,3
1968-01-06,34.0/6.0,2
1968-01-07,19.0/2.0,2
1968-01-14,42.0/15.0,4
1968-01-16,50.0/17.0,3
1968-01-24,49.0/26.0,7
1968-01-28,67.0/60.0,3
1968-02-19,45.0/33.0,6
1968-02-21,32.0/16.0,6
1968-03-01,72.0/29.0,2
1968-03-04,56.0/16.0,3
1968-05-21,56.0/48.0,9
1968-08-10,103.0/72.0,12
1968-08-13,83.0/71.0,7
1968-09-17,77.0/52.0,16
1968-09-18,87.0/46.0,3
1968-10-26,82.0/43.0,5
1968-10-29,84.0/37.0,1
1968-10-30,86.0/45.0,2
1968-11-06,50.0/44.0,2
1968-12-10,58.0/25.0,5
1968-12-14,34.0/16.0,4
1968-12-27,61.0/26.0,4
1968-12-30,33.0/9.0,2
1968-12-31,20.0/1.0,2
1969-01-01,45.0/12.0,3
1969-01-06,53.0/33.0,14
1969-01-16,66.0/52.0,8
1969-01-20,62.0/42.0,14
1969-01-24,29.0/11.0,4
1969-02-16,37.0/30.0,8
1969-03-06,42.0/34.0,6
1969-03-10,37.0/22.0,2
1969-03-26,57.0/26.0,6
1969-08-08,99.0/67.0,4
1969-08-25,74.0/68.0,2
1969-10-23,53.0/48.0,2
1969-10-29,48.0/43.0,4
1969-11-10,79.0/46.0,14
1969-11-20,67.0/27.0,8
1969-12-06,38.0/36.0,1
1969-12-08,42.0/33.0,8
1969-12-22,70.0/28.0,3
1969-12-28,34.0/26.0,9
1969-12-29,26.0/22.0,2
1970-01-04,41.0/15.0,3
1970-01-06,29.0/10.0,1
1970-01-07,28.0/12.0,2
1970-01-08,20.0/6.0,1
1970-01-09,32.0/7.0,2
1970-01-18,14.0/9.0,1
1970-01-19,20.0/9.0,3
1970-02-03,38.0/13.0,3
1970-02-07,57.0/44.0,8
1970-02-10,68.0/24.0,3
1970-02-12,53.0/17.0,4
1970-02-16,61.0/18.0,1
1970-02-17,78.0/34.0,3
1970-02-19,47.0/21.0,9
1970-02-20,60.0/24.0,5
1970-02-24,52.0/44.0,5
1970-02-26,66.0/23.0,4
1970-03-06,52.0/47.0,4
1970-03-11,34.0/30.0,5
1970-03-23,71.0/33.0,4
1970-04-02,63.0/23.0,1
1970-04-03,70.0/35.0,14
1970-05-05,82.0/51.0,11
1970-05-19,84.0/53.0,7
1970-06-28,98.0/65.0,7
1970-08-08,106.0/74.0,3
1970-09-17,79.0/71.0,5
1970-10-07,82.0/50.0,14
1970-10-18,58.0/49.0,11
1970-11-05,62.0/31.0,14
1970-11-10,67.0/33.0,10
1970-11-13,42.0/39.0,3
1970-11-16,58.0/26.0,9
1970-11-26,78.0/39.0,7
1970-12-10,71.0/29.0,5
1970-12-24,47.0/17.0,3
1971-01-12,30.0/26.0,2
1971-02-04,58.0/21.0,5
1971-02-07,25.0/9.0,1
1971-02-08,38.0/3.0,1
1971-02-09,43.0/8.0,1
1971-03-02,34.0/23.0,4
1971-03-20,60.0/19.0,2
1971-04-21,85.0/50.0,7
1971-04-29,58.0/52.0,4
1971-05-25,90.0/51.0,2
1971-05-28,77.0/59.0,16
1971-08-06,76.0/68.0,6
1971-08-13,80.0/69.0,6
1971-08-14,78.0/69.0,6
1971-09-13,97.0/58.0,2
1971-09-17,62.0/52.0,7
1971-10-11,83.0/47.0,7
1971-10-20,58.0/54.0,1
1971-11-16,65.0/59.0,1
1971-11-30,37.0/33.0,8
1971-12-03,34.0/32.0,1
1971-12-05,40.0/36.0,2
1971-12-06,39.0/35.0,7
1971-12-26,67.0/53.0,6
1972-01-04,17.0/7.0,2
1972-01-05,36.0/2.0,1
1972-01-14,23.0/5.0,1
1972-01-15,24.0/1.0,1
1972-02-02,38.0/15.0,3
1972-02-03,33.0/8.0,2
1972-02-04,52.0/18.0,3
1972-02-08,59.0/23.0,4
1972-02-09,61.0/23.0,5
1972-03-09,69.0/32.0,4
1972-03-17,82.0/41.0,1
1972-03-19,79.0/41.0,7
1972-04-05,80.0/39.0,3
1972-06-26,102.0/70.0,5
1972-08-08,100.0/65.0,2
1972-10-04,88.0/53.0,3
1972-10-13,88.0/55.0,6
1972-10-26,50.0/46.0,3
1972-10-29,61.0/50.0,5
1972-10-31,43.0/40.0,3
1972-11-15,38.0/34.0,6
1972-11-19,34.0/33.0,1
1972-11-21,34.0/31.0,3
1972-12-04,25.0/19.0,3
1972-12-05,35.0/14.0,2
1972-12-06,19.0/8.0,2
1972-12-10,24.0/13.0,2
1972-12-14,29.0/25.0,3
1972-12-16,46.0/11.0,1
1973-01-03,41.0/30.0,5
1973-01-04,30.0/20.0,3
1973-01-05,23.0/19.0,3
1973-01-07,21.0/15.0,2
1973-01-09,11.0/0.0,1
1973-01-11,20.0/3.0,3
1973-01-12,27.0/-1.0,1
1973-02-08,29.0/19.0,4
1973-04-02,57.0/45.0,4
1973-04-03,53.0/41.0,3
1973-04-30,73.0/67.0,5
1973-09-13,75.0/63.0,3
1973-11-01,80.0/45.0,4
1973-11-07,52.0/46.0,4
1973-12-16,36.0/19.0,6
1973-12-20,33.0/14.0,2
1973-12-27,49.0/20.0,9
1973-12-31,22.0/11.0,3
1974-01-01,17.0/10.0,2
1974-01-02,26.0/9.0,1
1974-01-03,29.0/13.0,2
1974-01-04,35.0/9.0,3
1974-01-06,33.0/13.0,1
1974-01-07,38.0/14.0,2
1974-01-09,20.0/13.0,3
1974-01-10,20.0/14.0,2
1974-01-11,24.0/9.0,2
1974-01-12,29.0/5.0,1
1974-04-09,72.0/35.0,7
1974-08-09,97.0/59.0,1
1974-09-20,71.0/66.0,2
1974-10-24,65.0/60.0,3
1974-10-25,64.0/58.0,2
1974-12-03,55.0/23.0,5
1974-12-04,60.0/28.0,8
1974-12-11,39.0/29.0,3
1975-01-13,45.0/11.0,4
1975-02-02,39.0/36.0,1
1975-02-07,45.0/15.0,4
1975-02-08,44.0/19.0,6
1975-02-09,30.0/12.0,1
1975-02-15,35.0/30.0,7
1975-02-21,54.0/42.0,9
1975-03-07,51.0/36.0,10
1975-04-07,56.0/52.0,1
1975-05-14,63.0/58.0,2
1975-06-10,71.0/58.0,9
1975-09-13,61.0/54.0,4
1975-09-30,87.0/57.0,8
1975-11-03,59.0/52.0,3
1975-11-26,37.0/13.0,3
1975-11-27,56.0/22.0,5
1975-12-01,58.0/23.0,5
1975-12-02,77.0/32.0,2
1975-12-03,74.0/37.0,6
1975-12-14,73.0/26.0,1
1975-12-18,39.0/7.0,2
1975-12-29,35.0/33.0,4
1976-01-06,59.0/16.0,1
1976-01-08,23.0/3.0,1
1976-01-09,48.0/12.0,1
1976-01-27,54.0/16.0,1
1976-02-03,68.0/26.0,2
1976-02-07,46.0/12.0,1
1976-02-08,71.0/27.0,1
1976-02-09,79.0/39.0,2
1976-02-12,78.0/44.0,5
1976-02-20,80.0/41.0,3
1976-02-22,65.0/23.0,1
1976-02-23,77.0/30.0,1
1976-03-01,85.0/36.0,1
1976-03-19,88.0/52.0,2
1976-09-30,88.0/47.0,1
1976-10-01,95.0/54.0,1
1976-10-10,87.0/44.0,2
1976-10-11,88.0/49.0,2
1976-11-15,37.0/29.0,8
1976-11-22,55.0/20.0,5
1976-11-29,47.0/13.0,2
1976-11-30,58.0/13.0,2
1976-12-20,37.0/20.0,4
1976-12-21,40.0/10.0,3
1976-12-26,66.0/25.0,2
1976-12-31,24.0/4.0,1
1977-01-01,31.0/16.0,2
1977-01-07,56.0/17.0,1
1977-01-09,9.0/-2.0,1
1977-01-10,24.0/-3.0,1
1977-01-12,36.0/18.0,4
1977-01-15,44.0/16.0,4
1977-01-19,48.0/11.0,1
1977-02-05,54.0/19.0,4
1977-02-11,51.0/41.0,4
1977-03-13,79.0/35.0,3
1977-04-06,81.0/38.0,3
1977-04-21,59.0/51.0,6
1977-07-26,92.0/77.0,5
1977-10-13,81.0/39.0,2
1977-10-17,86.0/44.0,1
1977-10-20,88.0/51.0,4
1977-11-12,71.0/35.0,8
1977-12-10,36.0/11.0,2
1977-12-26,48.0/16.0,1
1977-12-30,43.0/39.0,4
1978-01-03,49.0/19.0,4
1978-01-11,26.0/21.0,4
1978-01-16,37.0/9.0,2
1978-01-19,19.0/12.0,2
1978-01-28,44.0/14.0,1
1978-02-16,29.0/24.0,4
1978-02-17,24.0/6.0,2
1978-02-18,25.0/-1.0,1
1978-02-21,29.0/12.0,4
1978-03-17,74.0/31.0,2
1978-03-18,83.0/38.0,1
1978-05-02,54.0/44.0,7
1978-05-14,89.0/50.0,3
1978-06-02,70.0/64.0,3
1978-08-17,102.0/79.0,4
1978-09-17,96.0/78.0,4
1978-10-15,84.0/41.0,2
1978-10-20,92.0/50.0,1
1978-10-27,77.0/39.0,4
1978-12-09,36.0/10.0,2
1978-12-10,48.0/17.0,2
1978-12-30,21.0/17.0,1
1978-12-31,17.0/13.0,1
1979-01-02,28.0/3.0,2
1979-01-04,30.0/18.0,4
1979-01-07,20.0/8.0,1
1979-01-08,30.0/0.0,1
1979-01-13,36.0/8.0,2
1979-01-14,17.0/1.0,1
1979-01-27,23.0/14.0,1
1979-01-28,25.0/13.0,1
1979-01-30,23.0/6.0,1
1979-01-31,23.0/-1.0,1
1979-02-09,25.0/-3.0,2
1979-02-13,37.0/24.0,7
1979-02-15,55.0/17.0,2
1979-04-01,56.0/42.0,10
1979-07-18,76.0/69.0,2
1979-07-29,96.0/77.0,10
1979-09-16,79.0/47.0,10
1979-10-05,88.0/45.0,1
1979-11-30,47.0/16.0,3
1979-12-17,37.0/2.0,1
1979-12-19,61.0/25.0,6
1980-01-28,25.0/16.0,5
1980-02-09,24.0/10.0,3
1980-02-10,40.0/9.0,1
1980-02-27,75.0/32.0,1
1980-02-29,50.0/19.0,4
1980-03-04,69.0/26.0,2
1980-03-12,48.0/41.0,6
1980-03-27,55.0/49.0,2
1980-04-15,76.0/33.0,7
1980-04-20,83.0/46.0,4
1980-05-02,71.0/57.0,6
1980-06-01,82.0/74.0,2
1980-06-30,101.0/80.0,1
1980-07-14,105.0/71.0,3
1980-07-29,108.0/72.0,2
1980-07-30,107.0/73.0,1
1980-08-01,108.0/82.0,1
1980-08-02,110.0/76.0,1
1980-08-03,96.0/79.0,3
1980-08-04,101.0/82.0,1
1980-08-23,105.0/72.0,3
1980-09-16,98.0/54.0,1
1980-09-18,92.0/60.0,9
1980-10-08,92.0/59.0,4
1980-11-06,85.0/44.0,3
1980-12-06,71.0/63.0,7
1980-12-25,31.0/8.0,1
1981-01-07,53.0/16.0,1
1981-01-10,36.0/25.0,7
1981-01-12,45.0/9.0,1
1981-01-19,37.0/31.0,5
1981-01-24,76.0/31.0,1
1981-01-29,66.0/27.0,2
1981-02-06,43.0/30.0,7
1981-02-10,37.0/5.0,1
1981-02-11,27.0/0.0,1
1981-02-20,84.0/43.0,2
1981-06-14,86.0/72.0,9
1981-07-03,80.0/74.0,1
1981-07-21,106.0/80.0,1
1981-07-22,104.0/79.0,6
1981-07-26,98.0/79.0,1
1981-09-20,87.0/52.0,5
1981-10-09,62.0/53.0,5
1981-10-13,72.0/63.0,4
1981-11-02,52.0/45.0,3
1981-12-13,41.0/38.0,1
1981-12-22,39.0/27.0,6
1981-12-27,61.0/24.0,4
1982-01-06,58.0/18.0,1
1982-01-07,27.0/13.0,4
1982-01-08,45.0/14.0,2
1982-01-10,20.0/0.0,1
1982-01-11,23.0/0.0,1
1982-01-14,58.0/10.0,1
1982-01-16,27.0/5.0,1
1982-01-17,38.0/5.0,1
1982-01-19,70.0/27.0,2
1982-01-22,64.0/22.0,3
1982-02-05,16.0/8.0,1
1982-02-22,83.0/42.0,2
1982-04-12,93.0/53.0,2
1982-10-25,69.0/36.0,9
1982-12-10,44.0/38.0,6
1983-01-22,32.0/26.0,6
1983-01-31,46.0/40.0,3
1983-03-02,85.0/43.0,2
1983-03-19,42.0/36.0,3
1983-08-19,78.0/71.0,5
1983-10-22,55.0/50.0,2
1983-12-01,42.0/21.0,5
1983-12-19,9.0/3.0,1
1983-12-20,21.0/4.0,1
1983-12-21,11.0/-2.0,1
1983-12-22,9.0/-3.0,1
1983-12-23,10.0/1.0,1
1983-12-24,3.0/0.0,1
1983-12-28,23.0/8.0,2
1983-12-30,29.0/3.0,1
1984-01-16,37.0/14.0,2
1984-01-20,18.0/2.0,1
1984-01-21,35.0/2.0,1
1984-02-06,55.0/15.0,2
1984-02-07,66.0/29.0,2
1984-06-08,89.0/76.0,3
1984-07-16,88.0/76.0,1
1984-08-29,106.0/71.0,1
1984-11-17,47.0/39.0,4
1985-01-12,24.0/8.0,1
1985-01-26,39.0/15.0,5
1985-01-31,11.0/5.0,1
1985-02-12,49.0/21.0,1
1985-05-21,69.0/59.0,7
1985-07-25,83.0/73.0,7
1985-10-10,49.0/46.0,2
1985-10-29,57.0/50.0,3
1986-01-08,39.0/13.0,6
1986-01-27,39.0/14.0,2
1986-02-09,25.0/22.0,1
1986-02-11,26.0/7.0,2
1986-02-12,25.0/7.0,1
1986-02-25,82.0/44.0,3
1986-03-08,72.0/28.0,1
1986-06-28,98.0/78.0,8
1986-07-19,103.0/68.0,2
1986-07-28,108.0/77.0,1
1986-07-29,109.0/78.0,2
1986-07-30,108.0/80.0,4
1986-09-03,76.0/70.0,3
1986-10-25,60.0/50.0,4
1986-12-09,38.0/30.0,4
1986-12-16,51.0/46.0,2
1987-01-17,27.0/24.0,1
1987-01-18,24.0/22.0,1
1987-01-19,31.0/6.0,2
1987-07-05,90.0/76.0,6
1987-08-09,91.0/78.0,1
1987-09-24,89.0/57.0,9
1987-12-18,41.0/37.0,4
1988-01-07,19.0/3.0,1
1988-01-08,23.0/-4.0,1
1988-02-11,25.0/6.0,2
1988-02-12,62.0/16.0,1
1988-02-13,71.0/31.0,4
1988-04-20,86.0/47.0,2
1988-10-20,62.0/54.0,6
1988-11-18,55.0/48.0,7
1989-01-08,34.0/27.0,4
1989-02-02,26.0/13.0,3
1989-02-03,13.0/0.0,1
1989-02-04,15.0/2.0,1
1989-02-06,23.0/9.0,1
1989-02-19,40.0/38.0,2
1989-03-03,74.0/23.0,1
1989-03-17,87.0/47.0,1
1989-08-02,81.0/73.0,1
1989-08-14,68.0/65.0,1
1989-12-12,38.0/11.0,2
1989-12-16,23.0/7.0,1
1989-12-21,26.0/0.0,1
1989-12-22,4.0/-4.0,1
1989-12-23,19.0/-8.0,1
1990-01-16,62.0/57.0,2
1990-03-06,59.0/54.0,3
1990-03-30,50.0/45.0,4
1990-12-22,6.0/3.0,1
1990-12-23,18.0/4.0,1
1990-12-24,39.0/12.0,1
1990-12-29,58.0/8.0,1
1990-12-30,14.0/3.0,1
1990-12-31,31.0/5.0,1
1991-01-07,29.0/22.0,4
1991-01-09,36.0/31.0,9
1991-01-31,57.0/21.0,2
1991-03-05,91.0/47.0,1
1992-05-28,52.0/49.0,1
1992-08-26,68.0/63.0,2
1993-01-01,28.0/19.0,3
1993-01-10,27.0/23.0,3
1993-02-17,18.0/13.0,1
1993-02-18,32.0/9.0,2
1993-03-07,71.0/28.0,4
1993-08-01,95.0/80.0,1
1993-08-11,101.0/78.0,3
1993-11-03,67.0/29.0,6
1993-11-27,57.0/17.0,1
1994-01-06,60.0/22.0,7
1994-01-17,28.0/13.0,3
1994-01-18,26.0/11.0,1
1994-02-01,43.0/12.0,1
1994-02-03,59.0/20.0,1
1994-02-13,54.0/18.0,2
1994-02-24,63.0/20.0,2
1994-03-03,74.0/34.0,4
1994-06-25,101.0/65.0,1
1994-08-17,96.0/59.0,1
1994-10-15,60.0/56.0,1
1994-10-17,68.0/66.0,1
1995-03-01,29.0/21.0,3
1995-03-02,24.0/21.0,2
1995-09-17,83.0/72.0,3
1995-10-16,85.0/49.0,3
1995-10-30,59.0/55.0,2
1995-11-10,83.0/29.0,2
1995-12-10,42.0/11.0,1
1995-12-20,32.0/29.0,4
1996-01-07,27.0/9.0,2
1996-01-13,74.0/35.0,1
1996-01-17,65.0/21.0,1
1996-01-19,30.0/3.0,1
1996-01-21,59.0/19.0,1
1996-02-02,20.0/7.0,1
1996-02-03,12.0/0.0,1
1996-02-04,31.0/-3.0,1
1996-02-14,80.0/31.0,1
1996-02-22,92.0/44.0,1
1996-03-01,55.0/16.0,2
1996-07-06,110.0/79.0,1
1996-07-07,106.0/79.0,2
1996-07-10,67.0/64.0,1
1996-08-25,78.0/70.0,5
1996-09-18,69.0/64.0,1
1996-12-20,46.0/15.0,2
1996-12-31,59.0/53.0,2
1997-01-17,42.0/10.0,3
1997-01-18,52.0/13.0,1
1997-01-28,36.0/6.0,1
1997-01-29,51.0/12.0,1
1997-02-01,74.0/29.0,1
1997-02-11,56.0/21.0,3
1997-03-20,82.0/35.0,1
1997-03-21,90.0/48.0,2
1997-04-25,51.0/48.0,2
1997-07-29,87.0/76.0,1
1997-08-15,95.0/79.0,1
1997-08-17,87.0/77.0,1
1997-09-03,82.0/73.0,1
1997-09-24,68.0/62.0,2
1997-12-02,47.0/44.0,2
1998-06-20,97.0/80.0,1
1998-07-11,103.0/80.0,4
1998-07-26,107.0/81.0,2
1998-07-30,105.0/81.0,2
1998-08-02,107.0/74.0,2
1998-09-03,107.0/70.0,1
1998-09-05,106.0/69.0,1
1998-11-01,54.0/50.0,3
1998-11-05,44.0/41.0,2
1998-12-07,42.0/38.0,3
1998-12-23,24.0/20.0,1
1998-12-24,32.0/17.0,1
1999-01-03,24.0/11.0,2
1999-07-01,84.0/74.0,2
1999-08-17,99.0/66.0,2
1999-10-26,84.0/42.0,1
1999-12-28,70.0/22.0,1
2000-04-05,85.0/46.0,1
2000-05-22,98.0/61.0,1
2000-06-27,79.0/69.0,3
2000-08-19,104.0/68.0,1
2000-08-21,101.0/67.0,2
2000-09-02,108.0/74.0,2
2000-11-04,55.0/51.0,1
2000-11-23,51.0/49.0,1
2000-12-12,19.0/11.0,2
2001-09-15,72.0/67.0,2
2001-12-15,50.0/41.0,4
2002-02-11,52.0/17.0,1
2002-02-28,56.0/19.0,2
2002-03-02,21.0/13.0,1
2002-03-04,56.0/11.0,1
2002-10-22,61.0/55.0,1
2002-12-25,40.0/13.0,1
2003-01-19,63.0/22.0,2
2003-01-24,31.0/9.0,1
2003-01-27,51.0/17.0,1
2003-02-24,15.0/9.0,1
2003-03-04,71.0/24.0,1
2003-03-20,48.0/44.0,2
2003-04-10,73.0/32.0,3
2003-06-24,90.0/77.0,1
2003-10-18,83.0/43.0,2
2003-10-29,84.0/38.0,1
2004-01-27,36.0/14.0,2
2004-02-23,54.0/45.0,4
2004-03-08,73.0/33.0,2
2004-03-17,81.0/37.0,1
2004-03-24,65.0/61.0,1
2004-04-27,82.0/47.0,5
2004-06-01,94.0/56.0,1
2004-11-21,50.0/47.0,1
2005-03-28,78.0/31.0,1
2005-12-09,40.0/6.0,1
2005-12-10,58.0/19.0,2
2006-02-17,34.0/19.0,3
2006-02-28,83.0/41.0,2
2006-04-17,98.0/55.0,1
2006-05-18,91.0/55.0,2
2006-06-29,96.0/62.0,1
2006-07-20,107.0/76.0,1
2006-07-28,100.0/78.0,4
2006-08-02,103.0/81.0,1
2006-08-11,97.0/79.0,3
2007-01-08,60.0/23.0,1
2007-02-16,49.0/8.0,1
2007-03-04,62.0/21.0,1
2007-06-26,77.0/72.0,1
2007-06-28,81.0/72.0,1
2007-12-23,47.0/14.0,1
2008-01-27,68.0/29.0,2
2008-05-19,96.0/61.0,1
2008-06-04,93.0/78.0,1
2008-06-07,92.0/78.0,2
2008-08-18,72.0/68.0,1
2008-08-19,70.0/65.0,1
2008-12-07,67.0/28.0,5
2008-12-14,72.0/18.0,1
2008-12-15,18.0/15.0,1
2008-12-16,27.0/16.0,2
2009-01-03,73.0/30.0,1
2009-01-16,43.0/10.0,2
2009-01-22,76.0/28.0,1
2009-01-30,62.0/23.0,2
2009-04-07,71.0/22.0,1
2009-04-22,91.0/52.0,1
2009-07-25,103.0/69.0,1
2009-09-14,67.0/63.0,1
2009-10-13,58.0/56.0,1
2010-01-07,23.0/12.0,1
2010-01-08,22.0/7.0,1
2010-01-10,42.0/6.0,1
2010-01-31,28.0/17.0,1
2010-02-04,37.0/35.0,1
2010-02-06,36.0/33.0,1
2010-04-17,54.0/51.0,1
2010-07-03,79.0/72.0,1
2010-08-05,92.0/79.0,1
2010-09-08,75.0/70.0,1
2011-01-13,44.0/9.0,1
2011-01-27,65.0/20.0,1
2011-02-01,19.0/7.0,1
2011-02-02,15.0/4.0,1
2011-02-03,20.0/4.0,2
2011-02-05,47.0/12.0,1
2011-02-10,32.0/-5.0,1
2011-02-11,49.0/13.0,1
2011-03-31,75.0/33.0,2
2011-04-14,89.0/52.0,1
2011-07-09,110.0/75.0,1
2011-07-27,107.0/80.0,1
2011-08-01,107.0/79.0,2
2011-08-02,109.0/79.0,1
2011-08-03,109.0/81.0,1
2011-08-04,108.0/81.0,1
2011-08-05,110.0/77.0,1
2011-08-06,110.0/81.0,1
2011-08-24,108.0/78.0,1
2011-09-12,100.0/58.0,1
2012-05-07,69.0/62.0,2
2012-05-11,64.0/59.0,2
2012-08-01,112.0/79.0,1
2012-08-02,112.0/82.0,1
2012-08-03,113.0/84.0,1
2012-08-04,109.0/80.0,1
2012-09-07,105.0/65.0,1
2012-09-09,91.0/50.0,1
2012-09-10,94.0/57.0,1
2012-09-14,60.0/57.0,1
2013-01-16,48.0/15.0,2
2013-12-10,39.0/5.0,1
2014-01-19,66.0/22.0,1
2014-01-24,45.0/4.0,1
2014-01-28,31.0/14.0,2
2014-01-29,50.0/12.0,2
2014-02-06,18.0/9.0,1
2014-04-09,82.0/39.0,1
2014-04-13,87.0/41.0,1
2014-05-03,89.0/46.0,1
2014-05-04,97.0/54.0,1
2014-10-16,90.0/49.0,1
2014-11-09,76.0/35.0,3
2014-12-17,39.0/37.0,1
2014-12-28,43.0/18.0,1
2015-01-26,77.0/28.0,1
2015-02-14,80.0/34.0,1
2015-04-14,57.0/52.0,2
2016-01-30,76.0/32.0,1
2016-02-10,74.0/21.0,1
2016-11-16,86.0/43.0,1
2016-12-17,56.0/9.0,1
2017-01-06,18.0/1.0,1
2017-01-07,33.0/-3.0,1
2017-09-14,93.0/57.0,2
2017-09-27,64.0/60.0,1
2017-10-04,73.0/70.0,1
2017-12-08,48.0/13.0,1
2017-12-31,21.0/11.0,1
2018-01-03,41.0/11.0,1
2018-01-17,34.0/2.0,1
2018-07-20,109.0/74.0,1
2018-07-26,86.0/76.0,1
2019-01-02,29.0/23.0,1
2020-02-27,62.0/18.0,1
2020-02-29,73.0/28.0,1
2020-03-17,54.0/48.0,1
2020-04-08,90.0/52.0,2
2021-02-10,20.0/18.0,1
2021-02-11,20.0/15.0,1
2021-02-14,12.0/2.0,1
2021-02-15,4.0/-6.0,1
2021-02-16,11.0/-14.0,1
2021-02-18,25.0/0.0,1
2021-02-19,32.0/3.0,1
2021-04-11,82.0/37.0,1
2022-01-01,57.0/11.0,1
2022-01-10,54.0/20.0,1
2022-01-21,38.0/10.0,1
2022-01-29,68.0/20.0,1
2022-02-03,16.0/13.0,1
2022-02-04,31.0/10.0,2
2022-02-14,70.0/29.0,1
2022-02-17,62.0/19.0,1
2022-02-22,64.0/17.0,1
2022-02-24,22.0/14.0,1
2022-03-20,80.0/40.0,1
2022-07-19,110.0/71.0,1
2022-09-23,93.0/55.0,1
2022-10-21,89.0/44.0,1
2022-12-22,39.0/2.0,1
2022-12-23,19.0/4.0,1
2022-12-27,51.0/14.0,1
2023-01-30,22.0/16.0,1
2023-08-19,107.0/72.0,1
2024-01-13,23.0/4.0,2
2024-01-14,8.0/1.0,1
2024-01-15,16.0/1.0,1
2024-02-24,73.0/31.0,1
2024-12-25,46.0/44.0,1
2025-01-21,30.0/1.0,1
2025-02-13,33.0/11.0,1
2025-02-18,34.0/5.0,1
2025-02-20,22.0/4.0,1
2025-02-21,29.0/9.0,1
2025-02-22,56.0/13.0,1
2025-02-23,67.0/25.0,1
2025-03-17,83.0/40.0,1
2025-08-29,72.0/66.0,1